Date,Open,High,Low,Close,Volume
2025-09-25,8130.0220,8146.0898,8022.9790,8040.6650,483927800
2025-09-26,8051.7622,8099.3330,8034.9980,8099.3330,351966900
2025-09-29,8139.5791,8157.3301,8100.0171,8123.2451,439450000
2025-09-30,8137.6348,8150.3418,8042.8232,8061.0620,461651600
2025-10-01,8069.9370,8093.6938,8034.2500,8043.8218,536747800
2025-10-02,8070.4248,8109.4360,8059.0488,8071.0811,402266500
2025-10-03,8099.6450,8118.3008,8076.5972,8118.3008,428024700
2025-10-06,8155.3652,8176.3081,8104.5518,8139.8940,429540400
2025-10-07,8182.6558,8217.0459,8153.7129,8169.2808,426851900
2025-10-08,8201.1406,8224.6445,8044.9331,8166.0288,355267800
2025-10-09,8187.7002,8272.6318,8159.9448,8250.9385,347199100
2025-10-10,8259.0752,8270.3320,8194.0469,8257.8594,366345900
2025-10-13,8169.6489,8288.2793,8133.6270,8227.2021,366939200
2025-10-14,8269.4805,8284.9102,7974.0298,8066.5220,440487100
2025-10-15,8107.2988,8132.5220,7936.3711,8051.1748,329138800
2025-10-16,8064.6792,8148.0449,8030.7769,8124.7568,246641300
2025-10-17,8132.7471,8140.5972,7854.3071,7915.6558,353739000
2025-10-20,7988.4482,8117.2690,7937.3848,8088.9780,307599100
2025-10-21,8165.6919,8238.0840,8161.1938,8238.0840,281761500
2025-10-22,8235.6992,8261.8438,8141.9858,8152.5532,275367500
2025-10-23,8179.8838,8292.8877,8179.6128,8274.3516,281648700
2025-10-24,8294.8916,8351.0586,8271.7217,8271.7217,238196400
2025-10-27,8322.2168,8354.6729,7959.1689,8117.1509,359000200
2025-10-28,8144.4248,8151.3350,8039.8511,8092.6289,282866700
2025-10-29,8107.3760,8169.1392,8042.6299,8166.2241,248336300
2025-10-30,8176.3608,8231.8828,8145.6040,8184.0640,326703000
2025-10-31,8202.5234,8215.5459,8144.0771,8163.8750,245393300
2025-11-03,8208.0303,8282.1602,8201.3643,8275.0840,338112200
2025-11-04,8275.9531,8317.0762,8225.9111,8241.9111,254611100
2025-11-05,8213.6006,8318.5264,8181.9038,8318.5264,333837700
2025-11-06,8354.6797,8362.9160,8289.8906,8337.0576,229181000
2025-11-07,8346.5771,8398.7646,8332.6006,8394.5898,227520700
2025-11-10,8443.3203,8478.1484,8391.2402,8391.2402,415934000
2025-11-11,8437.9590,8443.6865,8338.3965,8366.5146,677885600
2025-11-12,8392.2803,8428.9482,8377.4971,8388.5664,491096300
2025-11-13,8412.8262,8418.1631,8354.8359,8371.9990,534184900
2025-11-14,8378.1289,8417.1348,8360.9365,8370.4355,422843300
2025-11-17,8397.8359,8452.3291,8391.9951,8416.8818,382110500
2025-11-18,8427.3984,8442.8652,8341.9033,8361.9258,374837900
2025-11-19,8384.3623,8426.6328,8375.5752,8406.5771,394548300
2025-11-20,8449.5420,8491.4277,8419.9170,8419.9170,319147400
2025-11-21,8403.9014,8432.6025,8361.2715,8414.3516,288992600
2025-11-24,8458.2930,8570.2539,8429.4639,8570.2539,471629100
2025-11-25,8570.8457,8574.3848,8487.2207,8521.8848,414092000
2025-11-26,8533.8857,8602.1299,8503.1465,8602.1299,498634000
2025-11-27,8611.3281,8622.2676,8521.4961,8545.8652,463624300
2025-11-28,8555.6562,8572.3594,8495.2051,8508.7061,386357400
2025-12-01,8541.5391,8553.6162,8493.2451,8548.7881,433587600
2025-12-02,8577.6064,8625.6357,8564.6953,8617.0430,405114200
2025-12-03,8655.0176,8669.1865,8591.8066,8611.7871,432093300
2025-12-04,8646.6465,8650.2969,8606.9033,8640.1963,447262700
2025-12-05,8658.8896,8689.0986,8617.0381,8632.7607,421538600
2025-12-08,8676.7266,8720.0908,8642.0615,8710.6953,525913600
2025-12-09,8743.2090,8749.2627,8626.8457,8657.1787,498676700
2025-12-10,8713.7109,8720.8809,8668.6064,8700.9238,623753400
2025-12-11,8764.0908,8776.9697,8560.1055,8620.4814,667238000
2025-12-12,8651.7656,8680.0410,8585.4219,8660.4990,457344900
2025-12-15,8705.2393,8720.6826,8622.9854,8649.6621,553538600
2025-12-16,8696.6963,8700.8613,8611.3467,8686.4688,431043000
2025-12-17,8708.3271,8729.4658,8660.7480,8677.3447,341969700
2025-12-18,8705.1377,8730.7090,8618.1953,8618.1953,328562900
2025-12-19,8657.2422,8671.7676,8562.8877,8609.5508,307160800
2025-12-22,8629.2461,8648.7949,8609.3887,8645.8438,374939200
2025-12-23,8656.6533,8667.7334,8566.9951,8584.7822,329812800
2025-12-24,8597.3877,8611.3330,8525.1006,8537.9111,280698800
2025-12-29,8545.7217,8652.1826,8545.7217,8644.2559,334277800
2025-12-30,8627.4004,8663.6680,8584.8652,8646.9385,308173000
2026-01-02,8676.7412,8748.1318,8664.9746,8748.1318,471863900
2026-01-05,8778.7324,8859.1914,8732.3193,8859.1914,665735100
2026-01-06,8890.7207,8940.1094,8839.0117,8933.6094,630432800
2026-01-07,8959.0908,8970.8691,8916.0293,8944.8135,655409500
2026-01-08,8946.7002,9002.9199,8918.4053,8925.4707,489316100
2026-01-09,8969.1514,8981.0215,8908.1729,8936.7539,499545200
2026-01-12,8991.7598,9000.9668,8715.4111,8884.7227,697907000
2026-01-13,8931.2422,8956.7266,8841.0176,8948.3027,538438100
2026-01-14,9007.0527,9049.2979,8979.6016,9032.5840,580700100
2026-01-15,9072.2959,9100.8252,9040.9980,9075.4062,446899000
2026-01-19,9098.7021,9133.8730,9025.9980,9133.8730,541550600
2026-01-20,9156.1895,9174.4736,9120.1543,9134.7002,606446200
2026-01-21,9094.4307,9105.2314,8977.6807,9010.3301,553244200
2026-01-22,9052.1680,9109.7100,8992.1338,8992.1826,661020800
2026-01-23,9031.4941,9039.6660,8837.8281,8951.0098,587299800
2026-01-26,8967.7275,9058.0459,8923.5273,8975.3340,491763600
2026-01-27,8974.5654,8980.2305,8873.4766,8980.2305,536008400
2026-01-28,8393.5137,8596.1719,8187.7349,8320.5557,557055000
2026-01-29,8027.8281,8296.9414,7481.9878,8232.2031,906233100
2026-01-30,8308.7246,8408.2998,8167.1558,8329.6064,478640200
2026-02-02,8306.1631,8313.0576,7820.2251,7922.7310,444961400
2026-02-03,7888.7710,8122.5972,7712.3481,8122.5972,545340400
2026-02-04,8121.0332,8194.6836,8050.3960,8146.7168,404556000
2026-02-05,8154.6040,8214.4609,8102.7861,8103.8789,323626200
2026-02-06,7945.0400,8025.1401,7861.6851,7935.2598,312234100
2026-02-09,7970.0220,8031.8740,7863.0059,8031.8740,310222600
2026-02-10,8031.5820,8140.8618,8011.1299,8131.7378,374472200
2026-02-11,8152.7852,8290.9658,8118.1631,8290.9658,545693700
2026-02-12,8317.2402,8334.0225,8220.1504,8265.3516,379401500
2026-02-13,8240.0059,8251.9893,8170.5869,8212.2715,434442400
2026-02-18,8235.8086,8310.2266,8227.4521,8310.2266,459026600
2026-02-19,8357.4453,8376.1992,8251.8115,8274.0811,435377400
2026-02-20,8300.2217,8328.4209,8236.7529,8271.7666,400251500
2026-02-23,8334.5430,8397.0654,8327.5693,8396.0820,443116900
2026-02-24,8428.0498,8437.0889,8259.4775,8280.8330,509728100
2026-02-25,8318.1445,8373.4834,8259.7471,8322.2285,441816300
2026-02-26,8351.3623,8358.9570,8139.8242,8235.2617,450264700
2026-02-27,8211.3047,8246.9541,8093.7490,8235.4854,441200100
2026-03-02,8092.9048,8133.6919,8016.8330,8016.8330,527702300
2026-03-03,8059.8682,8098.3921,7932.5200,7939.7671,396162400
2026-03-04,7896.3770,7897.8120,7486.3208,7577.0640,485472100
2026-03-05,7695.3472,7765.6128,7678.5332,7710.5371,303915000
2026-03-06,7699.4731,7700.3179,7500.0850,7585.6870,291110400
2026-03-09,7374.3110,7403.7329,7156.6831,7337.3691,406185700
2026-03-10,7443.0459,7499.8242,7372.8232,7440.9131,309617900
2026-03-11,7484.7739,7527.3188,7380.8081,7389.3989,253162500
2026-03-12,7398.8530,7436.4971,7323.7422,7362.1172,234355700
2026-03-13,7338.8242,7350.2798,7132.2109,7137.2119,256288700
2026-03-16,7115.4512,7120.1851,6917.3218,7022.2881,264167600
2026-03-17,7074.6108,7148.2510,7059.8901,7106.8389,226881800
2026-03-25,7084.6221,7302.1211,7057.2231,7302.1211,346637800
2026-03-26,7313.6650,7323.7021,7152.5918,7164.0908,257658000
2026-03-27,7136.3662,7154.5581,7070.2119,7097.0571,171896900
2026-03-30,7020.5322,7104.6421,6945.5020,7091.6699,221811800
2026-03-31,7122.9922,7155.5479,7031.1050,7048.2222,231095700
2026-04-01,7149.2529,7207.1660,7136.2490,7184.4380,295360000
2026-04-02,7153.1138,7161.7969,7019.2339,7026.7822,225269500
2026-04-06,7001.5601,7009.2300,6934.8892,6989.4258,252607400
2026-04-07,7001.2778,7022.0410,6942.6270,6971.0269,225664500
2026-04-08,7162.4058,7281.8628,7118.5811,7279.2090,380025400
2026-04-09,7238.4619,7308.5781,7191.5859,7307.5889,258635500
2026-04-10,7346.4941,7488.0171,7346.4941,7458.4961,355891700
2026-04-13,7410.0850,7527.8730,7351.3608,7500.1870,373963700
2026-04-14,7598.7959,7686.3550,7592.7441,7675.9512,487814900
2026-04-15,7750.8960,7773.5781,7623.5859,7623.5859,463335700
2026-04-16,7663.3408,7705.0298,7575.5269,7621.3818,364955200
2026-04-17,7645.8052,7673.8569,7607.9609,7634.0039,359890300
2026-04-20,7663.3950,7692.1450,7570.4248,7594.1108,375256000
2026-04-21,7560.2852,7568.9888,7511.8281,7559.3799,405582600
2026-04-22,7528.3428,7578.0508,7513.9390,7541.6118,459264700
2026-04-23,7564.4180,7582.5020,7378.6060,7378.6060,503505300
2026-04-24,7378.0718,7383.3999,7115.9712,7129.4902,415830600
2026-04-27,7158.5068,7230.0322,7106.5200,7106.5200,292563300
2026-04-28,7128.4658,7151.5059,7032.9839,7072.3921,272860900
2026-04-29,7096.6089,7126.0630,7063.9922,7101.2261,398389400
2026-04-30,7103.2559,7109.0039,6876.5762,6956.8042,451512600
2026-05-04,6988.9160,7069.6948,6946.0562,6971.9531,553310400
2026-05-05,6968.5659,7069.2070,6921.6089,7057.1060,364949700
2026-05-06,7086.3398,7127.7212,7049.9199,7092.4668,338543400
2026-05-07,7160.7891,7207.0752,7107.1748,7174.3208,327636900
2026-05-08,7182.9609,7186.8301,6969.3960,6969.3960,393674100
2026-05-11,6959.9429,7001.6792,6846.6318,6905.6201,353618500
2026-05-12,6946.8452,6977.2861,6762.8779,6858.8989,291969900
2026-05-13,6763.9448,6787.3452,6705.4331,6723.3198,263137300
2026-05-18,6628.9761,6631.2822,6398.7861,6599.2402,280639000
2026-05-19,6599.2129,6635.1270,6323.2642,6370.6792,409331400
2026-05-20,6352.2021,6459.5562,6215.5620,6318.5000,369455900
2026-05-21,6366.4849,6378.8110,6080.9541,6094.9409,318636000
2026-05-22,6065.6260,6171.9668,5966.8599,6162.0449,313365000
2026-05-25,6187.6548,6239.5942,6124.5781,6206.3491,240896500
2026-05-26,6201.8042,6286.8721,6124.7939,6130.1899,210088300
2026-05-29,6112.7700,6230.5000,6111.9712,6127.3809,391356100
2026-06-02,6210.0039,6264.2612,6143.6250,6195.4268,253584400
2026-06-03,6207.1021,6213.8008,5841.9961,5941.0659,344582700
2026-06-04,5919.5649,5924.5078,5644.2339,5839.7852,325839700
2026-06-05,5846.4912,5860.6709,5594.1108,5594.7651,242414700
2026-06-08,5486.3110,5523.9419,5317.9082,5342.1372,259538800
2026-06-09,5344.6880,5746.6479,5318.1450,5746.6479,353501300
2026-06-10,5744.0591,5942.9429,5677.9648,5902.3760,401184200
2026-06-11,5899.2651,6010.4878,5784.5059,5886.0322,241605500
2026-06-12,5960.4150,6074.0718,5952.8521,6007.6558,324098600
2026-06-15,6118.7251,6345.7988,6118.0762,6254.9658,471692100
2026-06-17,6321.9609,6377.1899,6179.6660,6220.7402,274699900
2026-06-18,6191.8911,6197.1709,6073.7241,6172.3398,215751200
2026-06-19,6161.4561,6215.0630,6117.3091,6177.1392,266832600
2026-06-22,6217.0488,6226.7168,6052.9370,6116.6899,180410600
2026-06-23,6096.4990,6121.7749,5993.0371,6101.3330,198230600
2026-06-24,6128.2710,6171.3799,5876.9341,5883.8809,228307800
2026-06-25,5873.0698,6056.2002,5864.0039,5999.0381,187930400
2026-06-26,6010.3389,6045.2578,5830.1440,5896.1338,171995200
2026-06-29,5932.0288,5942.7720,5800.2891,5820.7900,117823200
2026-06-30,5801.4541,5811.6689,5638.5742,5643.1938,177538200
2026-07-01,5640.6108,5737.7358,5607.4512,5695.1162,157577500
2026-07-02,5709.8418,5806.7148,5704.4990,5744.5562,172862900
2026-07-03,5806.1670,5899.3018,5805.9219,5875.7798,158006000
2026-07-06,5893.2808,5935.6831,5857.3501,5916.0698,176040400
2026-07-07,5933.5742,5987.0112,5890.4409,5986.4971,197234200
2026-07-08,5984.1821,5984.4731,5872.0161,5873.3721,186818300
2026-07-09,5865.7681,5912.4419,5839.6689,5912.4419,220556700
2026-07-10,5936.0371,5949.9912,5887.8350,5924.3599,142216700
2026-07-13,5934.7192,6037.8418,5898.1470,6037.8418,224210800
2026-07-14,6057.7612,6095.0161,6002.9009,6039.5210,252906400
2026-07-15,6068.0322,6081.2280,6007.1729,6041.9722,187169500
2026-07-16,6056.7461,6108.2090,6024.3540,6108.2090,235078700
2026-07-17,6112.8418,6192.6582,6079.3179,6175.5352,205704000
2026-07-20,6197.4761,6249.9028,6191.0420,6231.7798,282256800
2026-07-21,6273.5708,6340.0200,6247.3530,6340.0200,441307800
2026-07-22,6366.0122,6394.6860,6284.8818,6334.4761,422793200
2026-07-23,6346.6162,6454.3091,6306.6460,6315.3110,570639300
2026-07-24,6266.9751,6268.5342,6159.1450,6196.4302,330175800
2026-07-27,6185.7988,6219.4180,6144.2739,6185.7832,241884600
2026-07-28,6175.1982,6199.4399,6130.5879,6130.5879,198014300
2026-07-29,6141.1621,6174.4131,6029.3242,6091.3862,288519700
2026-07-30,6110.2832,6186.3628,6106.5459,6186.3628,231176100
2026-07-31,6219.6230,6236.6152,6201.8940,6236.1260,274629600
2026-08-03,6272.6172,6273.3262,6212.5508,6234.4971,347512800
2026-08-04,6254.7798,6319.6128,6238.3989,6319.6128,291916500
2026-08-05,6338.5908,6367.8208,6316.1030,6351.1392,350837500
2026-08-06,6379.9180,6388.2041,6324.0610,6343.7109,506076700
2026-08-07,6352.3760,6409.6538,6347.4292,6409.6538,335303800
2026-08-10,6440.5972,6462.7378,6362.7578,6365.3740,395862600
2026-08-11,6383.8101,6388.5811,6230.0972,6267.8799,324921400
2026-08-12,6277.7632,6373.8491,6272.3032,6373.8491,294722600
2026-08-13,6388.2339,6390.3291,6281.5718,6301.7651,236598700
2026-08-14,6296.5928,6401.8882,6267.4072,6401.8882,226720200
2026-08-18,6448.8281,6490.6489,6448.2642,6449.8301,288255000
2026-08-19,6408.1768,6490.9131,6373.8101,6394.1250,295308900
2026-08-20,6447.2500,6514.6782,6444.3950,6501.5850,349455200
2026-08-21,6524.0752,6551.9570,6507.4341,6525.6899,378269100
2026-08-24,6544.0020,6551.0029,6474.5718,6501.6670,296534200
2026-08-26,6507.1421,6532.1709,6405.6851,6405.6851,329574600
2026-08-27,6390.3530,6521.7500,6376.6538,6521.7500,282061000
2026-08-28,6535.7192,6566.9048,6495.7368,6518.1211,266064500
2026-08-31,6511.1060,6528.0991,6476.1748,6525.4780,389387600
2026-09-01,6538.1230,6608.1831,6535.7969,6599.9429,418545000
2026-09-02,6625.3931,6629.5430,6561.0029,6595.7759,331276500
2026-09-03,6632.8281,6681.8379,6614.7139,6667.8911,373613100
2026-09-04,6695.6948,6704.1250,6633.9150,6636.4751,278246600
2026-09-07,6652.0908,6667.7529,6610.9331,6619.6729,302047400
2026-09-08,6639.5112,6696.2832,6636.9360,6686.4419,326049000
2026-09-09,6700.8389,6707.3052,6642.1528,6678.2012,287063700
2026-09-10,6688.1748,6712.5020,6585.5630,6589.3379,403016100
2026-09-11,6552.7920,6552.7920,6462.9600,6541.3770,266825300
2026-09-14,6533.8682,6550.0000,6371.3950,6534.6929,306250700
2026-09-15,6544.7739,6549.6040,6461.0142,6461.1528,236697900
2026-09-16,6453.9141,6535.4600,6436.8530,6436.8530,222552300
2026-09-17,6455.0308,6500.4072,6418.1279,6462.4312,246532800
2026-09-18,6512.5688,6521.0210,6419.4951,6441.1592,283004400
2026-09-21,6446.8960,6451.3320,6381.5698,6384.7261,232135300
2026-09-22,6392.3350,6423.8379,6258.4360,6277.0439,292579800
2026-09-23,6297.9551,6380.1660,6253.7358,6374.9121,273797800
2026-09-24,6364.9761,6368.5732,6287.4561,6298.6069,230443500
2026-09-25,6315.5342,6328.4131,6231.8330,6241.8921,0
