Kode,Sektor,Nama Perusahaan,Papan Pencatatan
AADI,Energy,Adaro Andalan Indonesia Tbk.,Utama
AALI,Consumer Non-Cyclicals,Astra Agro Lestari Tbk.,Utama
ABBA,Consumer Cyclicals,Mahaka Media Tbk.,Pemantauan Khusus
ABDA,Financials,Asuransi Bina Dana Arta Tbk.,Pengembangan
ABMM,Energy,ABM Investama Tbk.,Utama
ACES,Consumer Cyclicals,Aspirasi Hidup Indonesia Tbk.,Utama
ACRO,Consumer Cyclicals,Samcro Hyosung Adilestari Tbk.,Pengembangan
ACST,Infrastructures,Acset Indonusa Tbk.,Pemantauan Khusus
ADCP,Properties & Real Estate,Adhi Commuter Properti Tbk.,Pengembangan
ADES,Consumer Non-Cyclicals,Akasha Wira International Tbk.,Pemantauan Khusus
ADHI,Infrastructures,Adhi Karya (Persero) Tbk.,Utama
ADMF,Financials,Adira Dinamika Multi Finance T,Pengembangan
ADMG,Basic Materials,Polychem Indonesia Tbk,Pengembangan
ADMR,Energy,Alamtri Minerals Indonesia Tbk,Utama
ADRO,Energy,Alamtri Resources Indonesia Tb,Utama
AEGS,Consumer Cyclicals,Anugerah Spareparts Sejahtera,Akselerasi
AGAR,Consumer Non-Cyclicals,Asia Sejahtera Mina Tbk.,Pengembangan
AGII,Basic Materials,Samator Indo Gas Tbk.,Pengembangan
AGRO,Financials,Bank Raya Indonesia Tbk.,Utama
AGRS,Financials,Bank IBK Indonesia Tbk.,Pengembangan
AHAP,Financials,Asuransi Harta Aman Pratama Tb,Pengembangan
AIMS,Energy,Artha Mahiya Investama Tbk.,Pengembangan
AISA,Consumer Non-Cyclicals,FKS Food Sejahtera Tbk.,Utama
AKKU,Consumer Cyclicals,Anugerah Kagum Karya Utama Tbk,Pemantauan Khusus
AKPI,Basic Materials,Argha Karya Prima Industry Tbk,Pengembangan
AKRA,Energy,AKR Corporindo Tbk.,Utama
AKSI,Transportation & Logistic,Mineral Sumberdaya Mandiri Tbk,Pengembangan
ALDO,Basic Materials,Alkindo Naratama Tbk.,Utama
ALII,Energy,Ancara Logistics Indonesia Tbk,Utama
ALKA,Basic Materials,Alakasa Industrindo Tbk,Pengembangan
ALMI,Basic Materials,Alumindo Light Metal Industry,Pemantauan Khusus
ALTO,Consumer Non-Cyclicals,Tri Banyan Tirta Tbk.,Pemantauan Khusus
AMAG,Financials,Asuransi Multi Artha Guna Tbk.,Utama
AMAN,Properties & Real Estate,Makmur Berkah Amanda Tbk.,Pengembangan
AMAR,Financials,Bank Amar Indonesia Tbk.,Utama
AMFG,Industrials,Asahimas Flat Glass Tbk.,Pengembangan
AMIN,Industrials,Ateliers Mecaniques D Indonesi,Pengembangan
AMMN,Basic Materials,Amman Mineral Internasional Tb,Utama
AMMS,Consumer Non-Cyclicals,Agung Menjangan Mas Tbk.,Akselerasi
AMOR,Financials,Ashmore Asset Management Indon,Pengembangan
AMRT,Consumer Non-Cyclicals,Sumber Alfaria Trijaya Tbk.,Utama
ANDI,Consumer Non-Cyclicals,Andira Agro Tbk.,Pemantauan Khusus
ANJT,Consumer Non-Cyclicals,Austindo Nusantara Jaya Tbk.,Pengembangan
ANTM,Basic Materials,ANTAM (Persero) Tbk.,Utama
APEX,Energy,Apexindo Pratama Duta Tbk.,Pengembangan
APIC,Financials,Pacific Strategic Financial Tb,Pengembangan
APII,Industrials,Arita Prima Indonesia Tbk.,Pengembangan
APLI,Basic Materials,Asiaplast Industries Tbk.,Pengembangan
APLN,Properties & Real Estate,Agung Podomoro Land Tbk.,Utama
ARCI,Basic Materials,Archi Indonesia Tbk.,Pengembangan
AREA,Technology,Dunia Virtual Online Tbk.,Pengembangan
ARGO,Properties & Real Estate,Argo Pantes Tbk,Pengembangan
ARII,Energy,Atlas Resources Tbk.,Pengembangan
ARKA,Industrials,Arkha Jayanti Persada Tbk.,Pemantauan Khusus
ARKO,Infrastructures,Arkora Hydro Tbk.,Pengembangan
ARMY,Properties & Real Estate,Armidian Karyatama Tbk.,Pemantauan Khusus
ARNA,Industrials,Arwana Citramulia Tbk.,Utama
ARTA,Consumer Cyclicals,Arthavest Tbk,Pengembangan
ARTI,Energy,Ratu Prabu Energi Tbk,Pemantauan Khusus
ARTO,Financials,Bank Jago Tbk.,Utama
ASBI,Financials,Asuransi Bintang Tbk.,Pengembangan
ASDM,Financials,Asuransi Dayin Mitra Tbk.,Pengembangan
ASGR,Industrials,Astra Graphia Tbk.,Utama
ASHA,Consumer Non-Cyclicals,Cilacap Samudera Fishing Indus,Pengembangan
ASII,Industrials,Astra International Tbk.,Utama
ASJT,Financials,Asuransi Jasa Tania Tbk.,Pengembangan
ASLC,Consumer Cyclicals,Autopedia Sukses Lestari Tbk.,Pengembangan
ASLI,Infrastructures,Asri Karya Lestari Tbk.,Pengembangan
ASMI,Financials,Asuransi Maximus Graha Persada,Pemantauan Khusus
ASPI,Properties & Real Estate,Andalan Sakti Primaindo Tbk.,Pengembangan
ASPR,Basic Materials,Asia Pramulia Tbk.,Pengembangan
ASRI,Properties & Real Estate,Alam Sutera Realty Tbk.,Utama
ASRM,Financials,Asuransi Ramayana Tbk.,Pengembangan
ASSA,Transportation & Logistic,Adi Sarana Armada Tbk.,Utama
ATAP,Properties & Real Estate,Trimitra Prawara Goldland Tbk.,Pengembangan
ATIC,Technology,Anabatic Technologies Tbk.,Pengembangan
ATLA,Energy,Atlantis Subsea Indonesia Tbk.,Pengembangan
AUTO,Consumer Cyclicals,Astra Otoparts Tbk.,Utama
AVIA,Basic Materials,Avia Avian Tbk.,Utama
AWAN,Technology,Era Digital Media Tbk.,Pengembangan
AXIO,Technology,Tera Data Indonusa Tbk.,Pengembangan
AYAM,Consumer Non-Cyclicals,Janu Putra Sejahtera Tbk.,Pengembangan
AYLS,Basic Materials,Arkayana Lestari Grup Tbk.,Pengembangan
BABP,Financials,Bank MNC Internasional Tbk.,Pengembangan
BABY,Consumer Cyclicals,Multitrend Indo Tbk.,Pengembangan
BACA,Financials,Bank Capital Indonesia Tbk.,Utama
BACH,Industrials,Bach Multi Global Tbk.,Utama
BAIK,Consumer Cyclicals,Bersama Mencapai Puncak Tbk.,Pengembangan
BAJA,Basic Materials,Saranacentral Bajatama Tbk.,Pengembangan
BALI,Infrastructures,Bali Towerindo Sentra Tbk.,Utama
BANK,Financials,Bank Aladin Syariah Tbk.,Pengembangan
BAPA,Properties & Real Estate,Bekasi Asri Pemula Tbk.,Pengembangan
BAPI,Properties & Real Estate,Bhakti Agung Propertindo Tbk.,Pemantauan Khusus
BATA,Consumer Cyclicals,Sepatu Bata Tbk.,Pemantauan Khusus
BATR,Basic Materials,Benteng Api Technic Tbk.,Pengembangan
BAUT,Consumer Cyclicals,Mitra Angkasa Sejahtera Tbk.,Pemantauan Khusus
BAYU,Consumer Cyclicals,Bayu Buana Tbk,Utama
BBCA,Financials,Bank Central Asia Tbk.,Utama
BBHI,Financials,Allo Bank Indonesia Tbk.,Utama
BBKP,Financials,Bank KB Indonesia Tbk.,Pengembangan
BBLD,Financials,Buana Finance Tbk.,Pengembangan
BBMD,Financials,Bank Mestika Dharma Tbk.,Utama
BBNI,Financials,Bank Negara Indonesia (Persero,Utama
BBRI,Financials,Bank Rakyat Indonesia (Persero,Utama
BBRM,Energy,Pelayaran Nasional Bina Buana,Pengembangan
BBSI,Financials,Krom Bank Indonesia Tbk.,Utama
BBSS,Properties & Real Estate,Bumi Benowo Sukses Sejahtera T,Pengembangan
BBTN,Financials,Bank Tabungan Negara (Persero),Utama
BBYB,Financials,Bank Neo Commerce Tbk.,Utama
BCAP,Financials,MNC Kapital Indonesia Tbk.,Utama
BCIC,Financials,Bank JTrust Indonesia Tbk.,Pengembangan
BCIP,Properties & Real Estate,Bumi Citra Permai Tbk.,Pengembangan
BDKR,Infrastructures,Berdikari Pondasi Perkasa Tbk.,Utama
BDMN,Financials,Bank Danamon Indonesia Tbk.,Utama
BEBS,Basic Materials,Berkah Beton Sadaya Tbk.,Pemantauan Khusus
BEEF,Consumer Non-Cyclicals,Estika Tata Tiara Tbk.,Pengembangan
BEER,Consumer Non-Cyclicals,Jobubu Jarum Minahasa Tbk.,Pengembangan
BEKS,Financials,Bank Pembangunan Daerah Banten,Pemantauan Khusus
BELI,Technology,Global Digital Niaga Tbk.,Pengembangan
BELL,Consumer Cyclicals,Trisula Textile Industries Tbk,Pengembangan
BESS,Energy,Batulicin Nusantara Maritim Tb,Pengembangan
BEST,Properties & Real Estate,Bekasi Fajar Industrial Estate,Utama
BFIN,Financials,BFI Finance  Indonesia Tbk.,Utama
BGTG,Financials,Bank Ganesha Tbk.,Utama
BHAT,Financials,Bhakti Multi Artha Tbk.,Pengembangan
BHIT,Industrials,MNC Asia Holding Tbk.,Pemantauan Khusus
BIKA,Properties & Real Estate,Binakarya Jaya Abadi Tbk.,Pemantauan Khusus
BIKE,Consumer Cyclicals,Bhineka Inovasi Ketahanan Ener,Pemantauan Khusus
BIMA,Consumer Cyclicals,Primarindo Asia Infrastructure,Pemantauan Khusus
BINA,Financials,Bank Ina Perdana Tbk.,Utama
BINO,Industrials,Perma Plasindo Tbk.,Pengembangan
BIPI,Energy,Astrindo Nusantara Infrastrukt,Pengembangan
BIPP,Properties & Real Estate,Bhuwanatala Indah Permai Tbk.,Pengembangan
BIRD,Transportation & Logistic,Blue Bird Tbk.,Utama
BISI,Consumer Non-Cyclicals,BISI International Tbk.,Utama
BJBR,Financials,Bank Pembangunan Daerah Jawa B,Utama
BJTM,Financials,Bank Pembangunan Daerah Jawa T,Utama
BKDP,Properties & Real Estate,Bukit Darmo Property Tbk,Pengembangan
BKSL,Properties & Real Estate,Sentul City Tbk.,Utama
BKSW,Financials,Bank QNB Indonesia Tbk.,Pengembangan
BLES,Basic Materials,Superior Prima Sukses Tbk.,Pengembangan
BLOG,Transportation & Logistic,Trimitra Trans Persada Tbk.,Utama
BLTA,Transportation & Logistic,Berlian Laju Tanker Tbk,Pemantauan Khusus
BLTZ,Consumer Cyclicals,Graha Layar Prima Tbk.,Pemantauan Khusus
BLUE,Industrials,Berkah Prima Perkasa Tbk.,Pengembangan
BMAS,Financials,Bank Kasikorn Indonesia Tbk.,Pengembangan
BMBL,Consumer Cyclicals,Lavender Bina Cendikia Tbk.,Akselerasi
BMHS,Healthcare,Bundamedik Tbk.,Utama
BMRI,Financials,Bank Mandiri (Persero) Tbk.,Utama
BMSR,Basic Materials,Bintang Mitra Semestaraya Tbk,Pengembangan
BMTR,Consumer Cyclicals,Global Mediacom Tbk.,Utama
BNBA,Financials,Bank Bumi Arta Tbk.,Pengembangan
BNBR,Industrials,Bakrie & Brothers Tbk,Pengembangan
BNGA,Financials,Bank CIMB Niaga Tbk.,Utama
BNII,Financials,Bank Maybank Indonesia Tbk.,Utama
BNLI,Financials,Bank Permata Tbk.,Utama
BOAT,Energy,Newport Marine Services Tbk.,Pengembangan
BOBA,Consumer Non-Cyclicals,Formosa Ingredient Factory Tbk,Pengembangan
BOGA,Consumer Cyclicals,Apollo Global Interactive Tbk.,Pengembangan
BOLA,Consumer Cyclicals,Bali Bintang Sejahtera Tbk.,Utama
BOLT,Consumer Cyclicals,Garuda Metalindo Tbk.,Pengembangan
BOSS,Energy,Borneo Olah Sarana Sukses Tbk.,Pemantauan Khusus
BPFI,Financials,Woori Finance Indonesia Tbk.,Pengembangan
BPII,Financials,Batavia Prosperindo Internasio,Pengembangan
BPTR,Transportation & Logistic,Batavia Prosperindo Trans Tbk.,Pengembangan
BRAM,Consumer Cyclicals,Indo Kordsa Tbk.,Pengembangan
BREN,Infrastructures,Barito Renewables Energy Tbk.,Utama
BRIS,Financials,Bank Syariah Indonesia (Perser,Utama
BRMS,Basic Materials,Bumi Resources Minerals Tbk.,Utama
BRNA,Basic Materials,Berlina Tbk.,Pengembangan
BRPT,Basic Materials,Barito Pacific Tbk.,Utama
BRRC,Consumer Non-Cyclicals,Raja Roti Cemerlang Tbk.,Pemantauan Khusus
BSBK,Properties & Real Estate,Wulandari Bangun Laksana Tbk.,Pengembangan
BSDE,Properties & Real Estate,Bumi Serpong Damai Tbk.,Utama
BSIM,Financials,Bank Sinarmas Tbk.,Utama
BSML,Energy,Bintang Samudera Mandiri Lines,Pengembangan
BSSR,Energy,Baramulti Suksessarana Tbk.,Utama
BSWD,Financials,Bank Of India Indonesia Tbk.,Pemantauan Khusus
BTEK,Consumer Non-Cyclicals,Bumi Teknokultura Unggul Tbk,Pemantauan Khusus
BTEL,Infrastructures,Bakrie Telecom Tbk.,Pemantauan Khusus
BTON,Basic Materials,Betonjaya Manunggal Tbk.,Pengembangan
BTPN,Financials,Bank SMBC Indonesia Tbk.,Utama
BTPS,Financials,Bank BTPN Syariah Tbk.,Utama
BUAH,Consumer Non-Cyclicals,Segar Kumala Indonesia Tbk.,Pengembangan
BUDI,Consumer Non-Cyclicals,Budi Starch & Sweetener Tbk.,Utama
BUKA,Technology,Bukalapak.com Tbk.,Ekonomi Baru
BUKK,Infrastructures,Bukaka Teknik Utama Tbk.,Pengembangan
BULL,Energy,Buana Lintas Lautan Tbk.,Pengembangan
BUMI,Energy,Bumi Resources Tbk.,Utama
BUVA,Consumer Cyclicals,Bukit Uluwatu Villa Tbk.,Pengembangan
BVIC,Financials,Bank Victoria International Tb,Utama
BWPT,Consumer Non-Cyclicals,Eagle High Plantations Tbk.,Utama
BYAN,Energy,Bayan Resources Tbk.,Utama
CAKK,Industrials,Cahayaputra Asa Keramik Tbk.,Pengembangan
CAMP,Consumer Non-Cyclicals,Campina Ice Cream Industry Tbk,Pengembangan
CANI,Energy,Capitol Nusantara Indonesia Tb,Pemantauan Khusus
CARE,Healthcare,Metro Healthcare Indonesia Tbk,Pengembangan
CARS,Consumer Cyclicals,Industri dan Perdagangan Bintr,Utama
CASA,Financials,Capital Financial Indonesia Tb,Pengembangan
CASH,Technology,Cashlez Worldwide Indonesia Tb,Pemantauan Khusus
CASS,Infrastructures,Cahaya Aero Services Tbk.,Utama
CBDK,Properties & Real Estate,Bangun Kosambi Sukses Tbk.,Utama
CBMF,Consumer Cyclicals,Cahaya Bintang Medan Tbk.,Pemantauan Khusus
CBPE,Properties & Real Estate,Citra Buana Prasida Tbk.,Pengembangan
CBRE,Energy,Cakra Buana Resources Energi T,Pengembangan
CBUT,Consumer Non-Cyclicals,Citra Borneo Utama Tbk.,Utama
CCSI,Industrials,Communication Cable Systems In,Pengembangan
CDIA,Infrastructures,Chandra Daya Investasi Tbk.,Pengembangan
CEKA,Consumer Non-Cyclicals,Wilmar Cahaya Indonesia Tbk.,Pengembangan
CENT,Infrastructures,Centratama Telekomunikasi Indo,Pengembangan
CFIN,Financials,Clipan Finance Indonesia Tbk.,Utama
CGAS,Energy,Citra Nusantara Gemilang Tbk.,Pengembangan
CHEK,Healthcare,Diastika Biotekindo Tbk.,Pengembangan
CHEM,Basic Materials,Chemstar Indonesia Tbk.,Pengembangan
CHIP,Technology,Pelita Teknologi Global Tbk.,Akselerasi
CINT,Consumer Cyclicals,Chitose Internasional Tbk.,Pengembangan
CITA,Basic Materials,Cita Mineral Investindo Tbk.,Utama
CITY,Properties & Real Estate,Natura City Developments Tbk.,Pengembangan
CLAY,Consumer Cyclicals,Citra Putra Realty Tbk.,Pengembangan
CLEO,Consumer Non-Cyclicals,Sariguna Primatirta Tbk.,Utama
CLPI,Basic Materials,Colorpak Indonesia Tbk.,Pengembangan
CMNP,Infrastructures,Citra Marga Nusaphala Persada,Utama
CMNT,Basic Materials,Cemindo Gemilang Tbk.,Pengembangan
CMPP,Transportation & Logistic,AirAsia Indonesia Tbk.,Pemantauan Khusus
CMRY,Consumer Non-Cyclicals,Cisarua Mountain Dairy Tbk.,Utama
CNKO,Energy,Exploitasi Energi Indonesia Tb,Pemantauan Khusus
CNMA,Consumer Cyclicals,Nusantara Sejahtera Raya Tbk.,Pengembangan
COAL,Energy,Black Diamond Resources Tbk.,Pemantauan Khusus
COCO,Consumer Non-Cyclicals,Wahana Interfood Nusantara Tbk,Pengembangan
COIN,Financials,Indokripto Koin Semesta Tbk.,Pengembangan
COWL,Properties & Real Estate,Cowell Development Tbk.,Pemantauan Khusus
CPIN,Consumer Non-Cyclicals,Charoen Pokphand Indonesia Tbk,Utama
CPRI,Properties & Real Estate,Capri Nusa Satu Properti Tbk.,Pemantauan Khusus
CPRO,Consumer Non-Cyclicals,Central Proteina Prima Tbk.,Pengembangan
CRAB,Consumer Non-Cyclicals,Toba Surimi Industries Tbk.,Pengembangan
CRSN,Industrials,Carsurin Tbk.,Pengembangan
CSAP,Consumer Cyclicals,Catur Sentosa Adiprana Tbk.,Pengembangan
CSIS,Properties & Real Estate,Cahayasakti Investindo Sukses,Pengembangan
CSMI,Consumer Cyclicals,Cipta Selera Murni Tbk.,Pengembangan
CSRA,Consumer Non-Cyclicals,Cisadane Sawit Raya Tbk.,Pengembangan
CTBN,Basic Materials,Citra Tubindo Tbk.,Pengembangan
CTRA,Properties & Real Estate,Ciputra Development Tbk.,Utama
CTTH,Industrials,Citatah Tbk.,Pengembangan
CUAN,Energy,Petrindo Jaya Kreasi Tbk.,Utama
CYBR,Technology,ITSEC Asia Tbk.,Pengembangan
DAAZ,Basic Materials,Daaz Bara Lestari Tbk.,Utama
DADA,Properties & Real Estate,Diamond Citra Propertindo Tbk.,Pengembangan
DART,Properties & Real Estate,Duta Anggada Realty Tbk.,Pengembangan
DATA,Infrastructures,Remala Abadi Tbk.,Pengembangan
DAYA,Consumer Non-Cyclicals,Duta Intidaya Tbk.,Pengembangan
DCII,Technology,DCI Indonesia Tbk.,Pengembangan
DEAL,Transportation & Logistic,Dewata Freightinternational Tb,Pemantauan Khusus
DEFI,Financials,Danasupra Erapacific Tbk.,Pengembangan
DEPO,Consumer Cyclicals,Caturkarda Depo Bangunan Tbk.,Pengembangan
DEWA,Energy,Darma Henwa Tbk,Utama
DEWI,Consumer Non-Cyclicals,Dewi Shri Farmindo Tbk.,Pengembangan
DFAM,Consumer Cyclicals,Dafam Property Indonesia Tbk.,Pengembangan
DGIK,Infrastructures,Nusa Konstruksi Enjiniring Tbk,Pengembangan
DGNS,Healthcare,Diagnos Laboratorium Utama Tbk,Pengembangan
DGWG,Basic Materials,Delta Giri Wacana Tbk.,Utama
DIGI,Consumer Cyclicals,Arkadia Digital Media Tbk.,Pemantauan Khusus
DILD,Properties & Real Estate,Intiland Development Tbk.,Utama
DIVA,Technology,Distribusi Voucher Nusantara T,Pengembangan
DKFT,Basic Materials,Central Omega Resources Tbk.,Utama
DKHH,Healthcare,Cipta Sarana Medika Tbk.,Pengembangan
DLTA,Consumer Non-Cyclicals,Delta Djakarta Tbk.,Utama
DMAS,Properties & Real Estate,Puradelta Lestari Tbk.,Utama
DMMX,Technology,Digital Mediatama Maxima Tbk.,Pengembangan
DMND,Consumer Non-Cyclicals,Diamond Food Indonesia Tbk.,Utama
DNAR,Financials,Bank Oke Indonesia Tbk.,Pengembangan
DNET,Financials,Indoritel Makmur Internasional,Utama
DOID,Energy,BUMA Internasional Grup Tbk.,Pengembangan
DOOH,Consumer Cyclicals,Era Media Sejahtera Tbk.,Pengembangan
DOSS,Consumer Cyclicals,Global Sukses Digital Tbk.,Pengembangan
DPNS,Basic Materials,Duta Pertiwi Nusantara Tbk.,Pemantauan Khusus
DPUM,Consumer Non-Cyclicals,Dua Putra Utama Makmur Tbk.,Pengembangan
DRMA,Consumer Cyclicals,Dharma Polimetal Tbk.,Utama
DSFI,Consumer Non-Cyclicals,Dharma Samudera Fishing Indust,Pengembangan
DSNG,Consumer Non-Cyclicals,Dharma Satya Nusantara Tbk.,Utama
DSSA,Energy,Dian Swastatika Sentosa Tbk,Utama
DUCK,Consumer Cyclicals,Jaya Bersama Indo Tbk.,Pemantauan Khusus
DUTI,Properties & Real Estate,Duta Pertiwi Tbk,Pemantauan Khusus
DVLA,Healthcare,Darya-Varia Laboratoria Tbk.,Pengembangan
DWGL,Energy,Dwi Guna Laksana Tbk.,Pengembangan
DYAN,Industrials,Dyandra Media International Tb,Pengembangan
EAST,Consumer Cyclicals,Eastparc Hotel Tbk.,Pengembangan
ECII,Consumer Cyclicals,Electronic City Indonesia Tbk.,Pengembangan
EDGE,Technology,Indointernet Tbk.,Pemantauan Khusus
EKAD,Basic Materials,Ekadharma International Tbk.,Pengembangan
ELIT,Technology,Data Sinergitama Jaya Tbk.,Pengembangan
ELPI,Transportation & Logistic,Pelayaran Nasional Ekalya Purn,Utama
ELSA,Energy,Elnusa Tbk.,Utama
ELTY,Properties & Real Estate,Bakrieland Development Tbk.,Pemantauan Khusus
EMAS,Basic Materials,Merdeka Gold Resources Tbk.,Pengembangan
EMDE,Properties & Real Estate,Megapolitan Developments Tbk.,Pengembangan
EMMI,Healthcare,Esa Medika Mandiri Tbk.,Pengembangan
EMTK,Technology,Elang Mahkota Teknologi Tbk.,Utama
ENAK,Consumer Cyclicals,Champ Resto Indonesia Tbk.,Pengembangan
ENRG,Energy,Energi Mega Persada Tbk.,Utama
ENVY,Technology,Envy Technologies Indonesia Tb,Pemantauan Khusus
ENZO,Consumer Non-Cyclicals,Morenzo Abadi Perkasa Tbk.,Pengembangan
EPAC,Basic Materials,Megalestari Epack Sentosaraya,Pengembangan
EPMT,Consumer Non-Cyclicals,Enseval Putera Megatrading Tbk,Utama
ERAA,Consumer Cyclicals,Erajaya Swasembada Tbk.,Utama
ERAL,Consumer Cyclicals,Sinar Eka Selaras Tbk.,Utama
ERTX,Consumer Cyclicals,Eratex Djaja Tbk.,Pengembangan
ESIP,Basic Materials,Sinergi Inti Plastindo Tbk.,Pengembangan
ESSA,Basic Materials,ESSA Industries Indonesia Tbk.,Utama
ESTA,Consumer Cyclicals,Esta Multi Usaha Tbk.,Pengembangan
ESTI,Consumer Cyclicals,Ever Shine Tex Tbk.,Pengembangan
ETWA,Basic Materials,Eterindo Wahanatama Tbk,Pemantauan Khusus
EURO,Consumer Non-Cyclicals,Estee Gold Feet Tbk.,Akselerasi
EXCL,Infrastructures,XLSMART Telecom Sejahtera Tbk.,Utama
FAPA,Consumer Non-Cyclicals,FAP Agri Tbk.,Pengembangan
FAST,Consumer Cyclicals,Fast Food Indonesia Tbk.,Pengembangan
FASW,Basic Materials,Fajar Surya Wisesa Tbk.,Pemantauan Khusus
FILM,Consumer Cyclicals,MD Entertainment Tbk.,Utama
FIMP,Infrastructures,Fimperkasa Utama Tbk.,Pemantauan Khusus
FIRE,Energy,Alfa Energi Investama Tbk.,Pengembangan
FISH,Consumer Non-Cyclicals,FKS Multi Agro Tbk.,Utama
FITT,Consumer Cyclicals,Fortune Resources Investment T,Pengembangan
FLMC,Consumer Non-Cyclicals,Falmaco Nonwoven Industri Tbk.,Akselerasi
FMII,Properties & Real Estate,Fortune Mate Indonesia Tbk,Pengembangan
FOLK,Industrials,Multi Garam Utama Tbk.,Pengembangan
FOOD,Consumer Non-Cyclicals,Sentra Food Indonesia Tbk.,Pemantauan Khusus
FORE,Consumer Non-Cyclicals,Fore Kopi Indonesia Tbk.,Pengembangan
FORU,Consumer Cyclicals,Fortune Indonesia Tbk,Pengembangan
FPNI,Basic Materials,Lotte Chemical Titan Tbk.,Pengembangan
FUJI,Financials,Fuji Finance Indonesia Tbk.,Pengembangan
FUTR,Consumer Cyclicals,Futura Energi Global Tbk.,Pengembangan
FWCT,Basic Materials,Wijaya Cahaya Timber Tbk.,Pengembangan
GAMA,Properties & Real Estate,Aksara Global Development Tbk.,Pemantauan Khusus
GDST,Basic Materials,Gunawan Dianjaya Steel Tbk.,Pengembangan
GDYR,Consumer Cyclicals,Goodyear Indonesia Tbk.,Pengembangan
GEMA,Consumer Cyclicals,Gema Grahasarana Tbk.,Pengembangan
GEMS,Energy,Golden Energy Mines Tbk.,Utama
GGRM,Consumer Non-Cyclicals,Gudang Garam Tbk.,Utama
GGRP,Basic Materials,Gunung Raja Paksi Tbk.,Pengembangan
GHON,Infrastructures,Gihon Telekomunikasi Indonesia,Pengembangan
GIAA,Transportation & Logistic,Garuda Indonesia (Persero) Tbk,Pengembangan
GJTL,Consumer Cyclicals,Gajah Tunggal Tbk.,Utama
GLOB,Consumer Cyclicals,Globe Kita Terang Tbk.,Pemantauan Khusus
GLVA,Technology,Galva Technologies Tbk.,Utama
GMFI,Infrastructures,Garuda Maintenance Facility Ae,Pengembangan
GMTD,Properties & Real Estate,Gowa Makassar Tourism Developm,Pengembangan
GOLD,Infrastructures,Visi Telekomunikasi Infrastruk,Pengembangan
GOLF,Consumer Cyclicals,Intra Golflink Resorts Tbk.,Utama
GOLL,Consumer Non-Cyclicals,Golden Plantation Tbk.,Pemantauan Khusus
GOOD,Consumer Non-Cyclicals,Garudafood Putra Putri Jaya Tb,Utama
GOTO,Technology,GoTo Gojek Tokopedia Tbk.,Pengembangan
GPRA,Properties & Real Estate,Perdana Gapuraprima Tbk.,Pengembangan
GPSO,Industrials,Geoprima Solusi Tbk.,Pengembangan
GRIA,Properties & Real Estate,Ingria Pratama Capitalindo Tbk,Pengembangan
GRPH,Consumer Cyclicals,Griptha Putra Persada Tbk.,Pemantauan Khusus
GRPM,Consumer Non-Cyclicals,Graha Prima Mentari Tbk.,Akselerasi
GSMF,Financials,Equity Development Investment,Pengembangan
GTBO,Energy,Garda Tujuh Buana Tbk,Pemantauan Khusus
GTRA,Transportation & Logistic,Grahaprima Suksesmandiri Tbk.,Pengembangan
GTSI,Energy,GTS Internasional Tbk.,Pengembangan
GULA,Consumer Non-Cyclicals,Aman Agrindo Tbk.,Pengembangan
GUNA,Consumer Non-Cyclicals,Gunanusa Eramandiri Tbk.,Pengembangan
GWSA,Consumer Cyclicals,Greenwood Sejahtera Tbk.,Pengembangan
GZCO,Consumer Non-Cyclicals,Gozco Plantations Tbk.,Utama
HADE,Infrastructures,Himalaya Energi Perkasa Tbk.,Pemantauan Khusus
HAIS,Transportation & Logistic,Hasnur Internasional Shipping,Pengembangan
HAJJ,Consumer Cyclicals,Arsy Buana Travelindo Tbk.,Akselerasi
HALO,Healthcare,Haloni Jane Tbk.,Pengembangan
HATM,Transportation & Logistic,Habco Trans Maritima Tbk.,Utama
HBAT,Properties & Real Estate,Minahasa Membangun Hebat Tbk.,Akselerasi
HDFA,Financials,Radana Bhaskara Finance Tbk.,Pengembangan
HDIT,Technology,Hensel Davest Indonesia Tbk.,Utama
HEAL,Healthcare,Medikaloka Hermina Tbk.,Utama
HELI,Transportation & Logistic,Jaya Trishindo Tbk.,Pengembangan
HERO,Consumer Non-Cyclicals,DFI Retail Nusantara Tbk.,Utama
HEXA,Industrials,Hexindo Adiperkasa Tbk.,Utama
HGII,Infrastructures,Hero Global Investment Tbk.,Pengembangan
HILL,Energy,Hillcon Tbk.,Pemantauan Khusus
HITS,Energy,Humpuss Intermoda Transportasi,Pemantauan Khusus
HKMU,Basic Materials,HK Metals Utama Tbk.,Pemantauan Khusus
HMSP,Consumer Non-Cyclicals,H.M. Sampoerna Tbk.,Utama
HOKI,Consumer Non-Cyclicals,Buyung Poetra Sembada Tbk.,Pengembangan
HOME,Consumer Cyclicals,Hotel Mandarine Regency Tbk.,Pemantauan Khusus
HOMI,Properties & Real Estate,Grand House Mulia Tbk.,Pengembangan
HOPE,Industrials,Harapan Duta Pertiwi Tbk.,Pengembangan
HOTL,Consumer Cyclicals,Saraswati Griya Lestari Tbk.,Pemantauan Khusus
HRME,Consumer Cyclicals,Menteng Heritage Realty Tbk.,Pemantauan Khusus
HRTA,Consumer Cyclicals,Hartadinata Abadi Tbk.,Utama
HRUM,Basic Materials,Harum Energy Tbk.,Utama
HUMI,Energy,Humpuss Maritim Internasional,Pengembangan
HYGN,Industrials,Ecocare Indo Pasifik Tbk.,Pengembangan
IATA,Energy,Karya Pacific Energy Tbk.,Pengembangan
IBFN,Industrials,Intan Baru Prana Tbk.,Pemantauan Khusus
IBOS,Consumer Non-Cyclicals,Indo Boga Sukses Tbk.,Akselerasi
IBST,Infrastructures,Inti Bangun Sejahtera Tbk.,Pemantauan Khusus
ICBP,Consumer Non-Cyclicals,Indofood CBP Sukses Makmur Tbk,Utama
ICON,Industrials,Island Concepts Indonesia Tbk.,Pengembangan
IDEA,Consumer Cyclicals,Idea Indonesia Akademi Tbk.,Akselerasi
IDPR,Infrastructures,Indonesia Pondasi Raya Tbk.,Pengembangan
IFII,Basic Materials,Indonesia Fibreboard Industry,Pengembangan
IFSH,Basic Materials,Ifishdeco Tbk.,Pemantauan Khusus
IGAR,Basic Materials,Champion Pacific Indonesia Tbk,Pengembangan
IIKP,Consumer Cyclicals,Inti Agri Resources Tbk,Pemantauan Khusus
IKAI,Industrials,Intikeramik Alamasri Industri,Pemantauan Khusus
IKAN,Consumer Non-Cyclicals,Era Mandiri Cemerlang Tbk.,Pengembangan
IKBI,Industrials,Sumi Indo Kabel Tbk.,Pengembangan
IKPM,Healthcare,Ikapharmindo Putramas Tbk.,Pengembangan
IMAS,Consumer Cyclicals,Indomobil Sukses Internasional,Utama
IMJS,Transportation & Logistic,Indomobil Multi Jasa Tbk.,Pengembangan
IMPC,Industrials,Impack Pratama Industri Tbk.,Utama
INAF,Healthcare,Indofarma Tbk.,Pemantauan Khusus
INAI,Basic Materials,Indal Aluminium Industry Tbk.,Pengembangan
INCF,Basic Materials,Indo Komoditi Korpora Tbk.,Pemantauan Khusus
INCI,Basic Materials,Intanwijaya Internasional Tbk,Pengembangan
INCO,Basic Materials,Vale Indonesia Tbk.,Utama
INDF,Consumer Non-Cyclicals,Indofood Sukses Makmur Tbk.,Utama
INDO,Properties & Real Estate,Royalindo Investa Wijaya Tbk.,Pengembangan
INDR,Consumer Cyclicals,Indo-Rama Synthetics Tbk.,Pengembangan
INDS,Consumer Cyclicals,Indospring Tbk.,Pengembangan
INDX,Industrials,Tanah Laut Tbk,Pengembangan
INDY,Energy,Indika Energy Tbk.,Utama
INET,Infrastructures,Sinergi Inti Andalan Prima Tbk,Pengembangan
INKP,Basic Materials,Indah Kiat Pulp & Paper Tbk.,Utama
INOV,Consumer Cyclicals,Inocycle Technology Group Tbk.,Pengembangan
INPC,Financials,Bank Artha Graha Internasional,Utama
INPP,Properties & Real Estate,Indonesian Paradise Property T,Pengembangan
INPS,Energy,Indah Prakasa Sentosa Tbk.,Pemantauan Khusus
INRU,Basic Materials,Toba Pulp Lestari Tbk.,Pemantauan Khusus
INTA,Industrials,Intraco Penta Tbk.,Pemantauan Khusus
INTD,Basic Materials,Inter Delta Tbk,Pengembangan
INTP,Basic Materials,Indocement Tunggal Prakarsa Tb,Utama
IOTF,Technology,Sumber Sinergi Makmur Tbk.,Pengembangan
IPAC,Properties & Real Estate,Era Graharealty Tbk.,Akselerasi
IPCC,Infrastructures,Indonesia Kendaraan Terminal T,Utama
IPCM,Infrastructures,Jasa Armada Indonesia Tbk.,Utama
IPOL,Basic Materials,Indopoly Swakarsa Industry Tbk,Pengembangan
IPPE,Consumer Non-Cyclicals,Indo Pureco Pratama Tbk.,Pemantauan Khusus
IPTV,Consumer Cyclicals,MNC Vision Networks Tbk.,Pemantauan Khusus
IRRA,Healthcare,Itama Ranoraya Tbk.,Pengembangan
IRSX,Technology,Folago Global Nusantara Tbk.,Pengembangan
ISAP,Consumer Cyclicals,Isra Presisi Indonesia Tbk.,Akselerasi
ISAT,Infrastructures,Indosat Tbk.,Utama
ISEA,Consumer Non-Cyclicals,Indo American Seafoods Tbk.,Pengembangan
ISSP,Basic Materials,Steel Pipe Industry of Indones,Utama
ITIC,Consumer Non-Cyclicals,Indonesian Tobacco Tbk.,Pengembangan
ITMA,Energy,Sumber Energi Andalan Tbk.,Pengembangan
ITMG,Energy,Indo Tambangraya Megah Tbk.,Utama
JARR,Consumer Non-Cyclicals,Jhonlin Agro Raya Tbk.,Utama
JAST,Infrastructures,Jasnita Telekomindo Tbk.,Pengembangan
JATI,Technology,Informasi Teknologi Indonesia,Pengembangan
JAWA,Consumer Non-Cyclicals,Jaya Agra Wattie Tbk.,Pengembangan
JAYA,Transportation & Logistic,Armada Berjaya Trans Tbk.,Pengembangan
JECC,Industrials,Jembo Cable Company Tbk.,Pengembangan
JECX,Healthcare,Nitrasanata Dharma Tbk.,Utama
JELI,Consumer Non-Cyclicals,Niramas Utama Tbk.,Pengembangan
JGLE,Consumer Cyclicals,Graha Andrasentra Propertindo,Pengembangan
JIHD,Consumer Cyclicals,Jakarta International Hotels &,Utama
JKON,Infrastructures,Jaya Konstruksi Manggala Prata,Utama
JMAS,Financials,Asuransi Jiwa Syariah Jasa Mit,Pengembangan
JPFA,Consumer Non-Cyclicals,Japfa Comfeed Indonesia Tbk.,Utama
JRPT,Properties & Real Estate,Jaya Real Property Tbk.,Utama
JSKY,Energy,Sky Energy Indonesia Tbk.,Pemantauan Khusus
JSMR,Infrastructures,Jasa Marga (Persero) Tbk.,Utama
JSPT,Consumer Cyclicals,Jakarta Setiabudi Internasiona,Utama
JTPE,Industrials,Jasuindo Tiga Perkasa Tbk.,Utama
KAEF,Healthcare,Kimia Farma (Persero) Tbk.,Pengembangan
KAQI,Consumer Cyclicals,Jantra Grupo Indonesia Tbk.,Pengembangan
KARW,Infrastructures,Meratus Jasa Prima Tbk.,Pemantauan Khusus
KAYU,Basic Materials,Darmi Bersaudara Tbk.,Pemantauan Khusus
KBAG,Properties & Real Estate,Karya Bersama Anugerah Tbk.,Pemantauan Khusus
KBLI,Industrials,KMI Wire & Cable Tbk.,Utama
KBLM,Industrials,Kabelindo Murni Tbk.,Pengembangan
KBLV,Infrastructures,First Media Tbk.,Pengembangan
KBRI,Basic Materials,Kertas Basuki Rachmat Indonesi,Pemantauan Khusus
KDSI,Basic Materials,Kedawung Setia Industrial Tbk.,Pengembangan
KDTN,Consumer Cyclicals,Puri Sentul Permai Tbk.,Pengembangan
KEEN,Infrastructures,Kencana Energi Lestari Tbk.,Utama
KEJU,Consumer Non-Cyclicals,Mulia Boga Raya Tbk.,Utama
KETR,Infrastructures,Ketrosden Triasmitra Tbk.,Pengembangan
KIAS,Industrials,Keramika Indonesia Assosiasi T,Pemantauan Khusus
KICI,Consumer Cyclicals,Kedaung Indah Can Tbk,Pengembangan
KIJA,Properties & Real Estate,Kawasan Industri Jababeka Tbk.,Utama
KING,Industrials,Hoffmen Cleanindo Tbk.,Akselerasi
KINO,Consumer Non-Cyclicals,Kino Indonesia Tbk.,Pengembangan
KIOS,Technology,Kioson Komersial Indonesia Tbk,Pengembangan
KJEN,Transportation & Logistic,Krida Jaringan Nusantara Tbk.,Pengembangan
KKES,Basic Materials,Kusuma Kemindo Sentosa Tbk.,Pengembangan
KKGI,Energy,Resource Alam Indonesia Tbk.,Utama
KLAS,Transportation & Logistic,Pelayaran Kurnia Lautan Semest,Pengembangan
KLBF,Healthcare,Kalbe Farma Tbk.,Utama
KLIN,Consumer Cyclicals,Klinko Karya Imaji Tbk.,Akselerasi
KMDS,Consumer Non-Cyclicals,Kurniamitra Duta Sentosa Tbk.,Pengembangan
KMTR,Basic Materials,Kirana Megatara Tbk.,Pengembangan
KOBX,Industrials,Kobexindo Tractors Tbk.,Pengembangan
KOCI,Properties & Real Estate,Kokoh Exa Nusantara Tbk.,Pengembangan
KOIN,Industrials,Kokoh Inti Arebama Tbk,Pemantauan Khusus
KOKA,Infrastructures,Koka Indonesia Tbk.,Pengembangan
KONI,Industrials,Perdana Bangun Pusaka Tbk,Pengembangan
KOPI,Energy,Mitra Energi Persada Tbk.,Pengembangan
KOTA,Consumer Cyclicals,DMS Propertindo Tbk.,Utama
KPIG,Consumer Cyclicals,MNC Tourism Indonesia Tbk.,Utama
KRAS,Basic Materials,Krakatau Steel (Persero) Tbk.,Pengembangan
KREN,Technology,Quantum Clovera Investama Tbk.,Pemantauan Khusus
KRYA,Infrastructures,Bangun Karya Perkasa Jaya Tbk.,Pengembangan
KSIX,Properties & Real Estate,Kentanix Supra International T,Pengembangan
KUAS,Industrials,Ace Oldfields Tbk.,Pengembangan
LABA,Industrials,Green Power Group Tbk.,Pengembangan
LABS,Healthcare,UBC Medical Indonesia Tbk.,Pengembangan
LAJU,Transportation & Logistic,Jasa Berdikari Logistics Tbk.,Pengembangan
LAND,Properties & Real Estate,Trimitra Propertindo Tbk.,Pengembangan
LAPD,Consumer Non-Cyclicals,Leyand International Tbk.,Pengembangan
LCGP,Properties & Real Estate,Eureka Prima Jakarta Tbk.,Pemantauan Khusus
LCKM,Infrastructures,LCK Global Kedaton Tbk.,Pengembangan
LEAD,Energy,Logindo Samudramakmur Tbk.,Pengembangan
LFLO,Consumer Cyclicals,Imago Mulia Persada Tbk.,Akselerasi
LIFE,Financials,MSIG Life Insurance Indonesia,Pemantauan Khusus
LINK,Infrastructures,Link Net Tbk.,Pengembangan
LION,Industrials,Lion Metal Works Tbk.,Pengembangan
LIVE,Consumer Cyclicals,Homeco Victoria Makmur Tbk.,Pengembangan
LMAS,Technology,Limas Indonesia Makmur Tbk,Pemantauan Khusus
LMAX,Consumer Cyclicals,Lupromax Pelumas Indonesia Tbk,Akselerasi
LMPI,Consumer Cyclicals,Langgeng Makmur Industri Tbk.,Pengembangan
LMSH,Basic Materials,Lionmesh Prima Tbk.,Pemantauan Khusus
LOPI,Transportation & Logistic,Logisticsplus International Tb,Akselerasi
LPCK,Properties & Real Estate,Lippo Cikarang Tbk,Utama
LPGI,Financials,Lippo General Insurance Tbk.,Pengembangan
LPIN,Consumer Cyclicals,Multi Prima Sejahtera Tbk,Pengembangan
LPKR,Properties & Real Estate,Lippo Karawaci Tbk.,Utama
LPLI,Properties & Real Estate,Star Pacific Tbk,Pengembangan
LPPF,Consumer Cyclicals,MDS Retailing Tbk.,Utama
LPPS,Financials,Lenox Pasifik Investama Tbk.,Pengembangan
LRNA,Transportation & Logistic,Eka Sari Lorena Transport Tbk.,Pengembangan
LSIP,Consumer Non-Cyclicals,PP London Sumatra Indonesia Tb,Utama
LTLS,Basic Materials,Lautan Luas Tbk.,Utama
LUCK,Technology,Sentral Mitra Informatika Tbk.,Pengembangan
LUCY,Consumer Cyclicals,Lima Dua Lima Tiga Tbk.,Akselerasi
MABA,Consumer Cyclicals,Marga Abhinaya Abadi Tbk.,Pemantauan Khusus
MAGP,Consumer Non-Cyclicals,Multi Agro Gemilang Plantation,Pemantauan Khusus
MAHA,Energy,Mandiri Herindo Adiperkasa Tbk,Utama
MAIN,Consumer Non-Cyclicals,Malindo Feedmill Tbk.,Utama
MANG,Infrastructures,Manggung Polahraya Tbk.,Akselerasi
MAPA,Consumer Cyclicals,Map Aktif Adiperkasa Tbk.,Utama
MAPB,Consumer Cyclicals,MAP Boga Adiperkasa Tbk.,Pemantauan Khusus
MAPI,Consumer Cyclicals,Mitra Adiperkasa Tbk.,Utama
MARI,Consumer Cyclicals,Mahaka Radio Integra Tbk.,Pemantauan Khusus
MARK,Industrials,Mark Dynamics Indonesia Tbk.,Utama
MASB,Financials,Bank Multiarta Sentosa Tbk.,Utama
MAXI,Consumer Non-Cyclicals,Maxindo Karya Anugerah Tbk.,Pengembangan
MAYA,Financials,Bank Mayapada Internasional Tb,Utama
MBAP,Energy,Mitrabara Adiperdana Tbk.,Pengembangan
MBMA,Basic Materials,Merdeka Battery Materials Tbk.,Utama
MBSS,Energy,Mitrabahtera Segara Sejati Tbk,Utama
MBTO,Consumer Non-Cyclicals,Martina Berto Tbk.,Pengembangan
MCAS,Technology,M Cash Integrasi Tbk.,Pengembangan
MCOL,Energy,Prima Andalan Mandiri Tbk.,Utama
MCOR,Financials,Bank China Construction Bank I,Utama
MDIA,Consumer Cyclicals,Intermedia Capital Tbk.,Pengembangan
MDIY,Consumer Cyclicals,Daya Intiguna Yasa Tbk.,Utama
MDKA,Basic Materials,Merdeka Copper Gold Tbk.,Utama
MDKI,Basic Materials,Emdeki Utama Tbk.,Pengembangan
MDLA,Healthcare,Medela Potentia Tbk.,Utama
MDLN,Properties & Real Estate,Modernland Realty Tbk.,Pengembangan
MDRN,Industrials,Modern Internasional Tbk.,Pemantauan Khusus
MEDC,Energy,Medco Energi Internasional Tbk,Utama
MEDS,Healthcare,Hetzer Medical Indonesia Tbk.,Pengembangan
MEGA,Financials,Bank Mega Tbk.,Utama
MEJA,Consumer Cyclicals,Harta Djaya Karya Tbk.,Akselerasi
MENN,Technology,Menn Teknologi Indonesia Tbk.,Pemantauan Khusus
MERI,Consumer Cyclicals,Merry Riana Edukasi Tbk.,Pengembangan
MERK,Healthcare,Merck Tbk.,Utama
META,Infrastructures,Nusantara Infrastructure Tbk.,Pengembangan
MFMI,Industrials,Multifiling Mitra Indonesia Tb,Pemantauan Khusus
MGLV,Consumer Cyclicals,NexAI Digital Infrastruktur Tb,Akselerasi
MGNA,Consumer Cyclicals,Magna Investama Mandiri Tbk.,Pengembangan
MGRO,Consumer Non-Cyclicals,Mahkota Group Tbk.,Pengembangan
MHKI,Industrials,Multi Hanna Kreasindo Tbk.,Pengembangan
MICE,Consumer Cyclicals,Multi Indocitra Tbk.,Pengembangan
MIDI,Consumer Non-Cyclicals,Midi Utama Indonesia Tbk.,Utama
MIKA,Healthcare,Mitra Keluarga Karyasehat Tbk.,Utama
MINA,Consumer Cyclicals,Sanurhasta Mitra Tbk.,Pengembangan
MINE,Basic Materials,Sinar Terang Mandiri Tbk.,Pengembangan
MIRA,Transportation & Logistic,Mitra International Resources,Pemantauan Khusus
MITI,Transportation & Logistic,Mitra Investindo Tbk.,Pengembangan
MKAP,Energy,Multikarya Asia Pasifik Raya T,Pengembangan
MKNT,Consumer Cyclicals,Mitra Komunikasi Nusantara Tbk,Pemantauan Khusus
MKPI,Properties & Real Estate,Metropolitan Kentjana Tbk.,Pengembangan
MKTR,Consumer Non-Cyclicals,Menthobi Karyatama Raya Tbk.,Utama
MLBI,Consumer Non-Cyclicals,Multi Bintang Indonesia Tbk.,Utama
MLIA,Industrials,Mulia Industrindo Tbk,Pemantauan Khusus
MLPL,Consumer Non-Cyclicals,Multipolar Tbk.,Utama
MLPT,Technology,Multipolar Technology Tbk.,Pengembangan
MMIX,Healthcare,Multi Medika Internasional Tbk,Pengembangan
MMLP,Properties & Real Estate,Mega Manunggal Property Tbk.,Pengembangan
MNCN,Consumer Cyclicals,Media Nusantara Citra Tbk.,Utama
MOLI,Basic Materials,Madusari Murni Indah Tbk.,Pengembangan
MORA,Infrastructures,Ekamas Mora Republik Tbk.,Utama
MPIX,Technology,Mitra Pedagang Indonesia Tbk.,Pengembangan
MPMX,Consumer Cyclicals,Mitra Pinasthika Mustika Tbk.,Utama
MPOW,Infrastructures,Megapower Makmur Tbk.,Pengembangan
MPPA,Consumer Non-Cyclicals,Matahari Putra Prima Tbk.,Pemantauan Khusus
MPRO,Properties & Real Estate,Maha Properti Indonesia Tbk.,Pengembangan
MPXL,Transportation & Logistic,MPX Logistics International Tb,Pengembangan
MRAT,Consumer Non-Cyclicals,Mustika Ratu Tbk.,Pengembangan
MREI,Financials,Maskapai Reasuransi Indonesia,Pengembangan
MSIE,Properties & Real Estate,Multisarana Intan Eduka Tbk.,Akselerasi
MSIN,Consumer Cyclicals,MNC Digital Entertainment Tbk.,Utama
MSJA,Consumer Non-Cyclicals,Multi Spunindo Jaya Tbk.,Pengembangan
MSKY,Consumer Cyclicals,MNC Sky Vision Tbk.,Pengembangan
MSTI,Technology,Mastersystem Infotama Tbk.,Utama
MTDL,Technology,Metrodata Electronics Tbk.,Utama
MTEL,Infrastructures,Dayamitra Telekomunikasi Tbk.,Utama
MTFN,Energy,Capitalinc Investment Tbk.,Pemantauan Khusus
MTLA,Properties & Real Estate,Metropolitan Land Tbk.,Utama
MTMH,Healthcare,Murni Sadar Tbk.,Utama
MTPS,Infrastructures,Meta Epsi Tbk.,Pemantauan Khusus
MTRA,Infrastructures,Mitra Pemuda Tbk.,Pemantauan Khusus
MTSM,Properties & Real Estate,Metro Realty Tbk.,Pemantauan Khusus
MTWI,Financials,Malacca Trust Wuwungan Insuran,Pengembangan
MUTU,Industrials,Mutuagung Lestari Tbk.,Pengembangan
MYOH,Energy,Samindo Resources Tbk.,Pengembangan
MYOR,Consumer Non-Cyclicals,Mayora Indah Tbk.,Utama
MYTX,Consumer Cyclicals,Asia Pacific Investama Tbk.,Pemantauan Khusus
NAIK,Industrials,Adiwarna Anugerah Abadi Tbk.,Pengembangan
NANO,Consumer Non-Cyclicals,Nanotech Indonesia Global Tbk.,Akselerasi
NASA,Properties & Real Estate,Andalan Perkasa Abadi Tbk.,Pemantauan Khusus
NASI,Consumer Non-Cyclicals,Wahana Inti Makmur Tbk.,Pengembangan
NATO,Consumer Cyclicals,Olympus Strategic Indonesia Tb,Pengembangan
NAYZ,Consumer Non-Cyclicals,Hassana Boga Sejahtera Tbk.,Akselerasi
NCKL,Basic Materials,Trimegah Bangun Persada Tbk.,Pengembangan
NELY,Transportation & Logistic,Pelayaran Nelly Dwi Putri Tbk.,Pengembangan
NEST,Consumer Non-Cyclicals,Esta Indonesia Tbk.,Pengembangan
NETV,Consumer Cyclicals,MDTV Media Technologies Tbk.,Pengembangan
NFCX,Technology,NFC Indonesia Tbk.,Pengembangan
NICE,Basic Materials,Adhi Kartiko Pratama Tbk.,Pengembangan
NICK,Financials,Charnic Capital Tbk.,Pengembangan
NICL,Basic Materials,PAM Mineral Tbk.,Pengembangan
NIKL,Basic Materials,Pelat Timah Nusantara Tbk.,Pengembangan
NINE,Technology,Techno9 Indonesia Tbk.,Akselerasi
NIRO,Properties & Real Estate,City Retail Developments Tbk.,Pengembangan
NISP,Financials,Bank OCBC NISP Tbk.,Utama
NOBU,Financials,Bank Nationalnobu Tbk.,Utama
NPGF,Basic Materials,Nusa Palapa Gemilang Tbk.,Pengembangan
NRCA,Infrastructures,Nusa Raya Cipta Tbk.,Pengembangan
NSSS,Consumer Non-Cyclicals,Nusantara Sawit Sejahtera Tbk.,Pengembangan
NTBK,Industrials,Nusatama Berkah Tbk.,Pengembangan
NUSA,Consumer Cyclicals,Sinergi Megah Internusa Tbk.,Pemantauan Khusus
NZIA,Properties & Real Estate,Nusantara Almazia Tbk.,Pengembangan
OASA,Infrastructures,Maharaksa Biru Energi Tbk.,Pengembangan
OBAT,Healthcare,Brigit Biofarmaka Teknologi Tb,Pengembangan
OBMD,Basic Materials,OBM Drilchem Tbk.,Pengembangan
OCAP,Financials,Onix Capital Tbk.,Pemantauan Khusus
OILS,Consumer Non-Cyclicals,Indo Oil Perkasa Tbk.,Pengembangan
OKAS,Basic Materials,Ancora Indonesia Resources Tbk,Pengembangan
OLIV,Consumer Cyclicals,Atlas Nexus Group Tbk.,Akselerasi
OMED,Healthcare,Jayamas Medica Industri Tbk.,Utama
OMRE,Properties & Real Estate,Indonesia Prima Property Tbk,Pengembangan
OPMS,Basic Materials,Optima Prima Metal Sinergi Tbk,Pengembangan
PACK,Basic Materials,Abadi Nusantara Hijau Investam,Pemantauan Khusus
PADA,Industrials,Personel Alih Daya Tbk.,Pengembangan
PADI,Financials,Minna Padi Investama Sekuritas,Utama
PALM,Financials,Provident Investasi Bersama Tb,Utama
PAMG,Properties & Real Estate,Bima Sakti Pertiwi Tbk.,Pengembangan
PANI,Properties & Real Estate,Pantai Indah Kapuk Dua Tbk.,Utama
PANR,Consumer Cyclicals,Panorama Sentrawisata Tbk.,Pengembangan
PANS,Financials,Panin Sekuritas Tbk.,Utama
PART,Consumer Cyclicals,Cipta Perdana Lancar Tbk.,Pengembangan
PBID,Basic Materials,Panca Budi Idaman Tbk.,Utama
PBRX,Consumer Cyclicals,Pan Brothers Tbk.,Pemantauan Khusus
PBSA,Infrastructures,Paramita Bangun Sarana Tbk.,Pengembangan
PCAR,Consumer Non-Cyclicals,Prima Cakrawala Abadi Tbk.,Pemantauan Khusus
PDES,Consumer Cyclicals,Destinasi Tirta Nusantara Tbk,Pengembangan
PDPP,Basic Materials,Primadaya Plastisindo Tbk.,Pengembangan
PEGE,Financials,Panca Global Kapital Tbk.,Pengembangan
PEHA,Healthcare,Phapros Tbk.,Pengembangan
PEVE,Healthcare,Penta Valent Tbk.,Pengembangan
PGAS,Energy,Perusahaan Gas Negara (Persero,Utama
PGEO,Infrastructures,Pertamina Geothermal Energy Tb,Utama
PGJO,Technology,Bahtera Bumi Raya Tbk.,Akselerasi
PGLI,Consumer Cyclicals,Pembangunan Graha Lestari Inda,Pengembangan
PGUN,Consumer Non-Cyclicals,Pradiksi Gunatama Tbk.,Pengembangan
PICO,Basic Materials,Pelangi Indah Canindo Tbk,Pengembangan
PIPA,Industrials,Oxala Energy International Tbk,Pengembangan
PJAA,Consumer Cyclicals,Pembangunan Jaya Ancol Tbk.,Pengembangan
PJHB,Transportation & Logistic,Pelayaran Jaya Hidup Baru Tbk.,Pengembangan
PKPK,Energy,Paragon Karya Perkasa Tbk.,Pengembangan
PLAN,Consumer Cyclicals,Planet Properindo Jaya Tbk.,Akselerasi
PLAS,Financials,Polaris Investama Tbk,Pemantauan Khusus
PLIN,Properties & Real Estate,Plaza Indonesia Realty Tbk.,Pemantauan Khusus
PMJS,Consumer Cyclicals,Putra Mandiri Jembar Tbk.,Pengembangan
PMMP,Consumer Non-Cyclicals,Panca Mitra Multiperdana Tbk.,Pemantauan Khusus
PMUI,Consumer Cyclicals,Prima Multi Usaha Indonesia Tb,Pengembangan
PNBN,Financials,Bank Pan Indonesia Tbk,Utama
PNBS,Financials,Bank Panin Dubai Syariah Tbk.,Pengembangan
PNGO,Consumer Non-Cyclicals,AEP Pinago Plantations Tbk.,Pemantauan Khusus
PNIN,Financials,Paninvest Tbk.,Utama
PNLF,Financials,Panin Financial Tbk.,Utama
PNSE,Consumer Cyclicals,Pudjiadi & Sons Tbk.,Pengembangan
POLA,Financials,Pool Advista Finance Tbk.,Pengembangan
POLI,Properties & Real Estate,Pollux Hotels Group Tbk.,Pengembangan
POLL,Properties & Real Estate,Pollux Properties Indonesia Tb,Pemantauan Khusus
POLU,Consumer Cyclicals,Golden Flower Tbk.,Pengembangan
POLY,Consumer Cyclicals,Asia Pacific Fibers Tbk,Pemantauan Khusus
POOL,Financials,Pool Advista Indonesia Tbk.,Pemantauan Khusus
PORT,Infrastructures,Nusantara Pelabuhan Handal Tbk,Utama
POSA,Properties & Real Estate,Bliss Properti Indonesia Tbk.,Pemantauan Khusus
POWR,Infrastructures,Cikarang Listrindo Tbk.,Utama
PPGL,Transportation & Logistic,Prima Globalindo Logistik Tbk.,Akselerasi
PPRE,Infrastructures,PP Presisi Tbk.,Pengembangan
PPRI,Basic Materials,Paperocks Indonesia Tbk.,Pengembangan
PPRO,Properties & Real Estate,PP Properti Tbk.,Pemantauan Khusus
PRAY,Healthcare,Famon Awal Bros Sedaya Tbk.,Utama
PRDA,Healthcare,Prodia Widyahusada Tbk.,Utama
PRDL,Healthcare,Prodia Diagnostic Line Tbk.,Pengembangan
PRIM,Healthcare,Royal Prima Tbk.,Pengembangan
PSAB,Basic Materials,J Resources Asia Pasifik Tbk.,Pengembangan
PSAT,Energy,Pancaran Samudera Transport Tb,Pengembangan
PSDN,Consumer Non-Cyclicals,Prasidha Aneka Niaga Tbk,Pengembangan
PSGO,Consumer Non-Cyclicals,Palma Serasih Tbk.,Utama
PSKT,Consumer Cyclicals,Red Planet Indonesia Tbk.,Pengembangan
PSSI,Energy,IMC Pelita Logistik Tbk.,Utama
PTBA,Energy,Bukit Asam (Persero) Tbk.,Utama
PTDU,Infrastructures,Djasa Ubersakti Tbk.,Pemantauan Khusus
PTIS,Energy,Indo Straits Tbk.,Pengembangan
PTMP,Industrials,Mitra Pack Tbk.,Pengembangan
PTMR,Basic Materials,Master Print Tbk.,Pemantauan Khusus
PTPP,Infrastructures,PP (Persero) Tbk.,Utama
PTPS,Consumer Non-Cyclicals,Pulau Subur Tbk.,Pengembangan
PTPW,Infrastructures,Pratama Widya Tbk.,Pengembangan
PTRO,Energy,Petrosea Tbk.,Utama
PTSN,Technology,Sat Nusapersada Tbk,Pengembangan
PTSP,Consumer Cyclicals,Pioneerindo Gourmet Internatio,Pengembangan
PUDP,Properties & Real Estate,Pudjiadi Prestige Tbk.,Pengembangan
PURA,Transportation & Logistic,Putra Rajawali Kencana Tbk.,Pemantauan Khusus
PURE,Basic Materials,Trinitan Metals and Minerals T,Pemantauan Khusus
PURI,Properties & Real Estate,Puri Global Sukses Tbk.,Pengembangan
PWON,Properties & Real Estate,Pakuwon Jati Tbk.,Utama
PYFA,Healthcare,Pyridam Farma Tbk,Pengembangan
PZZA,Consumer Cyclicals,Sarimelati Kencana Tbk.,Pengembangan
RAAM,Consumer Cyclicals,Tripar Multivision Plus Tbk.,Utama
RAFI,Consumer Cyclicals,Sari Kreasi Boga Tbk.,Pemantauan Khusus
RAJA,Energy,Rukun Raharja Tbk.,Utama
RALS,Consumer Cyclicals,Ramayana Lestari Sentosa Tbk.,Utama
RANC,Consumer Non-Cyclicals,Supra Boga Lestari Tbk.,Pengembangan
RANS,Consumer Cyclicals,Rans Entertainmen Indonesia Tb,Pengembangan
RATU,Energy,Raharja Energi Cepu Tbk.,Pengembangan
RBMS,Properties & Real Estate,Ristia Bintang Mahkotasejati T,Pengembangan
RCCC,Transportation & Logistic,Utama Radar Cahaya Tbk.,Akselerasi
RDTX,Properties & Real Estate,Roda Vivatex Tbk,Pengembangan
REAL,Properties & Real Estate,Repower Asia Indonesia Tbk.,Pengembangan
RELF,Properties & Real Estate,Graha Mitra Asia Tbk.,Akselerasi
RELI,Financials,Reliance Sekuritas Indonesia T,Pengembangan
RGAS,Energy,Kian Santang Muliatama Tbk.,Pengembangan
RICY,Consumer Cyclicals,Ricky Putra Globalindo Tbk,Pengembangan
RIGS,Energy,Rig Tenders Indonesia Tbk.,Pengembangan
RIMO,Properties & Real Estate,Rimo International Lestari Tbk,Pemantauan Khusus
RISE,Properties & Real Estate,Jaya Sukses Makmur Sentosa Tbk,Pengembangan
RLCO,Consumer Non-Cyclicals,Abadi Lestari Indonesia Tbk.,Pengembangan
RMKE,Energy,RMK Energy Tbk.,Utama
RMKO,Energy,Royaltama Mulia Kontraktorindo,Pengembangan
ROCK,Properties & Real Estate,Rockfields Properti Indonesia,Pengembangan
RODA,Properties & Real Estate,Pikko Land Development Tbk.,Pengembangan
RONY,Infrastructures,Aracord Nusantara Group Tbk.,Pengembangan
ROTI,Consumer Non-Cyclicals,Nippon Indosari Corpindo Tbk.,Pengembangan
RSCH,Healthcare,Charlie Hospital Semarang Tbk.,Pengembangan
RSGK,Healthcare,Kedoya Adyaraya Tbk.,Pengembangan
RUIS,Energy,Radiant Utama Interinsco Tbk.,Pengembangan
RUNS,Technology,Global Sukses Solusi Tbk.,Akselerasi
SAFE,Transportation & Logistic,Steady Safe Tbk,Pemantauan Khusus
SAGE,Properties & Real Estate,Saptausaha Gemilangindah Tbk.,Pemantauan Khusus
SAME,Healthcare,Sarana Meditama Metropolitan T,Utama
SAMF,Basic Materials,Saraswanti Anugerah Makmur Tbk,Utama
SAPX,Transportation & Logistic,Satria Antaran Prima Tbk.,Pengembangan
SATU,Properties & Real Estate,Kota Satu Properti Tbk.,Pengembangan
SBAT,Consumer Cyclicals,Sejahtera Bintang Abadi Textil,Pemantauan Khusus
SBMA,Basic Materials,Surya Biru Murni Acetylene Tbk,Pengembangan
SCCO,Industrials,Supreme Cable Manufacturing &,Pengembangan
SCMA,Consumer Cyclicals,Surya Citra Media Tbk.,Utama
SCNP,Consumer Cyclicals,Selaras Citra Nusantara Perkas,Pengembangan
SCPI,Healthcare,Organon Pharma Indonesia Tbk.,Pemantauan Khusus
SDMU,Transportation & Logistic,Sidomulyo Selaras Tbk.,Pengembangan
SDPC,Consumer Non-Cyclicals,Millennium Pharmacon Internati,Pengembangan
SDRA,Financials,Bank Woori Saudara Indonesia 1,Pengembangan
SEMA,Energy,Semacom Integrated Tbk.,Pengembangan
SFAN,Financials,Surya Fajar Capital Tbk.,Pengembangan
SGER,Energy,Sumber Global Energy Tbk.,Utama
SGRO,Consumer Non-Cyclicals,Prime Agri Resources Tbk.,Utama
SHID,Consumer Cyclicals,Hotel Sahid Jaya International,Pengembangan
SHIP,Energy,Sillo Maritime Perdana Tbk.,Utama
SICO,Energy,Sigma Energy Compressindo Tbk.,Pengembangan
SIDO,Healthcare,Industri Jamu dan Farmasi Sido,Utama
SILO,Healthcare,Siloam International Hospitals,Utama
SIMA,Basic Materials,Siwani Makmur Tbk,Pemantauan Khusus
SIMP,Consumer Non-Cyclicals,Salim Ivomas Pratama Tbk.,Utama
SINI,Industrials,Singaraja Putra Tbk.,Pengembangan
SIPD,Consumer Non-Cyclicals,Sreeya Sewu Indonesia Tbk.,Pengembangan
SKBM,Consumer Non-Cyclicals,Sekar Bumi Tbk.,Pengembangan
SKLT,Consumer Non-Cyclicals,Sekar Laut Tbk.,Pengembangan
SKRN,Industrials,Superkrane Mitra Utama Tbk.,Utama
SKYB,Technology,Northcliff Citranusa Indonesia,Pemantauan Khusus
SLIS,Consumer Cyclicals,Gaya Abadi Sempurna Tbk.,Pengembangan
SMAR,Consumer Non-Cyclicals,Sinar Mas Agro Resources and T,Utama
SMBR,Basic Materials,Semen Baturaja (Persero) Tbk.,Utama
SMCB,Basic Materials,Solusi Bangun Indonesia Tbk.,Pemantauan Khusus
SMDM,Properties & Real Estate,Suryamas Dutamakmur Tbk.,Pengembangan
SMDR,Transportation & Logistic,Samudera Indonesia  Tbk.,Utama
SMGA,Basic Materials,Sumber Mineral Global Abadi Tb,Pengembangan
SMGR,Basic Materials,Semen Indonesia (Persero) Tbk.,Utama
SMIL,Industrials,Sarana Mitra Luas Tbk.,Utama
SMKL,Basic Materials,Satyamitra Kemas Lestari Tbk.,Pengembangan
SMKM,Infrastructures,Sumber Mas Konstruksi Tbk.,Akselerasi
SMLE,Basic Materials,Sinergi Multi Lestarindo Tbk.,Pengembangan
SMMA,Financials,Sinarmas Multiartha Tbk.,Pengembangan
SMMT,Energy,Golden Eagle Energy Tbk.,Pengembangan
SMRA,Properties & Real Estate,Summarecon Agung Tbk.,Utama
SMRU,Energy,SMR Utama Tbk.,Pemantauan Khusus
SMSM,Consumer Cyclicals,Selamat Sempurna Tbk.,Utama
SNLK,Consumer Cyclicals,Sunter Lakeside Hotel Tbk.,Pengembangan
SOCI,Energy,Soechi Lines Tbk.,Pengembangan
SOFA,Consumer Cyclicals,Solusi Environment Asia Tbk.,Akselerasi
SOHO,Healthcare,Soho Global Health Tbk.,Pengembangan
SOLA,Basic Materials,Xolare RCR Energy Tbk.,Pengembangan
SONA,Consumer Cyclicals,Sona Topas Tourism Industry Tb,Pemantauan Khusus
SOSS,Industrials,ALSOK Indonesia Services Tbk.,Pemantauan Khusus
SOTS,Consumer Cyclicals,Satria Mega Kencana Tbk.,Pengembangan
SOUL,Consumer Non-Cyclicals,Mitra Tirta Buwana Tbk.,Akselerasi
SPMA,Basic Materials,Suparma Tbk.,Pengembangan
SPRE,Consumer Cyclicals,Soraya Berjaya Indonesia Tbk.,Akselerasi
SPTO,Industrials,Surya Pertiwi Tbk.,Utama
SQMI,Basic Materials,Wilton Makmur Indonesia Tbk.,Pengembangan
SRAJ,Healthcare,Sejahteraraya Anugrahjaya Tbk.,Pengembangan
SRIL,Consumer Cyclicals,Sri Rejeki Isman Tbk.,Pemantauan Khusus
SRSN,Basic Materials,Indo Acidatama Tbk,Pengembangan
SRTG,Financials,Saratoga Investama Sedaya Tbk.,Utama
SSIA,Infrastructures,Surya Semesta Internusa Tbk.,Utama
SSMS,Consumer Non-Cyclicals,Sawit Sumbermas Sarana Tbk.,Utama
SSTM,Consumer Cyclicals,Sunson Textile Manufacture Tbk,Pengembangan
STAA,Consumer Non-Cyclicals,Sumber Tani Agung Resources Tb,Utama
STAR,Financials,Calculus Global Ventures Tbk.,Pengembangan
STRK,Consumer Non-Cyclicals,Lovina Beach Brewery Tbk.,Pengembangan
STTP,Consumer Non-Cyclicals,Siantar Top Tbk.,Pengembangan
SUGI,Energy,Sugih Energy Tbk.,Pemantauan Khusus
SULI,Basic Materials,SLJ Global Tbk.,Pengembangan
SUNI,Energy,Sunindo Pratama Tbk.,Utama
SUPA,Financials,Super Bank Indonesia Tbk.,Pengembangan
SUPR,Infrastructures,Solusi Tunas Pratama Tbk.,Pemantauan Khusus
SURE,Energy,Super Energy Tbk.,Pengembangan
SURI,Healthcare,Maja Agung Latexindo Tbk.,Pengembangan
SWAT,Basic Materials,Sriwahana Adityakarta Tbk.,Pemantauan Khusus
SWID,Consumer Cyclicals,Saraswanti Indoland Developmen,Pengembangan
TALF,Basic Materials,Tunas Alfin Tbk.,Pengembangan
TAMA,Infrastructures,Lancartama Sejati Tbk.,Pemantauan Khusus
TAMU,Energy,Pelayaran Tamarin Samudra Tbk.,Pemantauan Khusus
TAPG,Consumer Non-Cyclicals,Triputra Agro Persada Tbk.,Utama
TARA,Properties & Real Estate,Agung Semesta Sejahtera Tbk.,Pemantauan Khusus
TAXI,Transportation & Logistic,Express Transindo Utama Tbk.,Pemantauan Khusus
TAYS,Consumer Non-Cyclicals,Jaya Swarasa Agung Tbk.,Pengembangan
TBIG,Infrastructures,Tower Bersama Infrastructure T,Utama
TBLA,Consumer Non-Cyclicals,Tunas Baru Lampung Tbk.,Utama
TBMS,Basic Materials,Tembaga Mulia Semanan Tbk.,Pengembangan
TCID,Consumer Non-Cyclicals,Mandom Indonesia Tbk.,Pengembangan
TCPI,Energy,Transcoal Pacific Tbk.,Pengembangan
TDPM,Basic Materials,Tianrong Chemicals Industry Tb,Pemantauan Khusus
TEBE,Energy,Dana Brata Luhur Tbk.,Utama
TECH,Technology,Indosterling Technomedia Tbk.,Pemantauan Khusus
TELE,Consumer Cyclicals,Omni Inovasi Indonesia Tbk.,Pemantauan Khusus
TFAS,Technology,Telefast Indonesia Tbk.,Pengembangan
TFCO,Consumer Cyclicals,Tifico Fiber Indonesia Tbk.,Pemantauan Khusus
TGKA,Consumer Non-Cyclicals,Tigaraksa Satria Tbk.,Pengembangan
TGRA,Infrastructures,Terregra Asia Energy Tbk.,Pemantauan Khusus
TGUK,Consumer Non-Cyclicals,Platinum Wahab Nusantara Tbk.,Pemantauan Khusus
TIFA,Financials,KDB Tifa Finance Tbk.,Pengembangan
TINS,Basic Materials,TIMAH (Persero) Tbk.,Utama
TIRA,Industrials,Tira Austenite Tbk,Pengembangan
TIRT,Basic Materials,Tirta Mahakam Resources Tbk,Pemantauan Khusus
TKIM,Basic Materials,Pabrik Kertas Tjiwi Kimia Tbk.,Utama
TLDN,Consumer Non-Cyclicals,Teladan Prima Agro Tbk.,Utama
TLKM,Infrastructures,Telkom Indonesia (Persero) Tbk,Utama
TMAS,Transportation & Logistic,Temas Tbk.,Utama
TMPO,Consumer Cyclicals,Tempo Intimedia Tbk.,Pengembangan
TNCA,Transportation & Logistic,Trimuda Nuansa Citra Tbk.,Pengembangan
TOBA,Energy,TBS Energi Utama Tbk.,Utama
TOOL,Consumer Cyclicals,Rohartindo Nusantara Luas Tbk.,Pengembangan
TOPS,Infrastructures,Totalindo Eka Persada Tbk.,Pemantauan Khusus
TOSK,Technology,Topindo Solusi Komunika Tbk.,Pengembangan
TOTL,Infrastructures,Total Bangun Persada Tbk.,Utama
TOTO,Industrials,Surya Toto Indonesia Tbk.,Utama
TOWR,Infrastructures,Sarana Menara Nusantara Tbk.,Utama
TOYS,Consumer Cyclicals,Sunindo Adipersada Tbk.,Pemantauan Khusus
TPIA,Basic Materials,Chandra Asri Pacific Tbk.,Utama
TPMA,Energy,Trans Power Marine Tbk.,Utama
TRAM,Energy,Trada Alam Minera Tbk.,Pemantauan Khusus
TRGU,Consumer Non-Cyclicals,Cerestar Indonesia Tbk.,Utama
TRIL,Industrials,Triwira Insanlestari Tbk.,Pemantauan Khusus
TRIM,Financials,Trimegah Sekuritas Indonesia T,Utama
TRIN,Properties & Real Estate,Perintis Triniti Properti Tbk.,Pengembangan
TRIO,Consumer Cyclicals,Trikomsel Oke Tbk.,Pemantauan Khusus
TRIS,Consumer Cyclicals,Trisula International Tbk.,Pengembangan
TRJA,Transportation & Logistic,Transkon Jaya Tbk.,Pengembangan
TRON,Technology,Teknologi Karya Digital Nusa T,Pengembangan
TRST,Basic Materials,Trias Sentosa Tbk.,Pengembangan
TRUE,Properties & Real Estate,Triniti Dinamik Tbk.,Pengembangan
TRUK,Transportation & Logistic,Guna Timur Raya Tbk.,Pemantauan Khusus
TRUS,Financials,Trust Finance Indonesia Tbk,Pengembangan
TSPC,Healthcare,Tempo Scan Pacific Tbk.,Utama
TUGU,Financials,Asuransi Tugu Pratama Indonesi,Utama
TYRE,Consumer Cyclicals,King Tire Indonesia Tbk.,Pengembangan
UANG,Properties & Real Estate,Pakuan Tbk.,Pengembangan
UCID,Consumer Non-Cyclicals,Uni-Charm Indonesia Tbk.,Utama
UDNG,Consumer Non-Cyclicals,Agro Bahari Nusantara Tbk.,Akselerasi
UFOE,Consumer Cyclicals,Damai Sejahtera Abadi Tbk.,Pengembangan
ULTJ,Consumer Non-Cyclicals,Ultrajaya Milk Industry & Trad,Utama
UNIC,Basic Materials,Unggul Indah Cahaya Tbk.,Utama
UNIQ,Energy,Ulima Nitra Tbk.,Pengembangan
UNIT,Consumer Cyclicals,Nusantara Inti Corpora Tbk,Pemantauan Khusus
UNSP,Consumer Non-Cyclicals,Bakrie Sumatera Plantations Tb,Pemantauan Khusus
UNTD,Consumer Cyclicals,Terang Dunia Internusa Tbk.,Pengembangan
UNTR,Industrials,United Tractors Tbk.,Utama
UNVR,Consumer Non-Cyclicals,Unilever Indonesia Tbk.,Utama
URBN,Properties & Real Estate,Urban Jakarta Propertindo Tbk.,Pemantauan Khusus
UVCR,Technology,Trimegah Karya Pratama Tbk.,Pengembangan
VAST,Properties & Real Estate,Vastland Indonesia Tbk.,Pengembangan
VERN,Consumer Cyclicals,Verona Indah Pictures Tbk.,Pengembangan
VICI,Consumer Non-Cyclicals,Victoria Care Indonesia Tbk.,Utama
VICO,Financials,Victoria Investama Tbk.,Utama
VINS,Financials,Victoria Insurance Tbk.,Pengembangan
VISI,Industrials,Satu Visi Putra Tbk.,Pengembangan
VIVA,Consumer Cyclicals,Visi Media Asia Tbk.,Pemantauan Khusus
VKTR,Consumer Cyclicals,VKTR Teknologi Mobilitas Tbk.,Pengembangan
VOKS,Industrials,Voksel Electric Tbk.,Pengembangan
VRNA,Financials,Mizuho Leasing Indonesia Tbk.,Pengembangan
VTNY,Financials,Venteny Fortuna International,Pengembangan
WAPO,Consumer Non-Cyclicals,Wahana Pronatural Tbk.,Pengembangan
WBSA,Transportation & Logistic,BSA Logistics Indonesia Tbk.,Pengembangan
WEGE,Infrastructures,Wijaya Karya Bangunan Gedung T,Pengembangan
WEHA,Transportation & Logistic,WEHA Transportasi Indonesia Tb,Pengembangan
WGSH,Technology,Wira Global Solusi Tbk.,Akselerasi
WICO,Consumer Non-Cyclicals,Wicaksana Overseas Internation,Pemantauan Khusus
WIDI,Industrials,Widiant Jaya Krenindo Tbk.,Akselerasi
WIFI,Technology,Solusi Sinergi Digital Tbk.,Pengembangan
WIIM,Consumer Non-Cyclicals,Wismilak Inti Makmur Tbk.,Utama
WIKA,Infrastructures,Wijaya Karya (Persero) Tbk.,Pemantauan Khusus
WINE,Consumer Non-Cyclicals,Hatten Bali Tbk.,Pengembangan
WINR,Properties & Real Estate,Winner Nusantara Jaya Tbk.,Pemantauan Khusus
WINS,Energy,Wintermar Offshore Marine Tbk.,Utama
WIRG,Technology,WIR ASIA Tbk.,Pengembangan
WMPP,Consumer Non-Cyclicals,Widodo Makmur Perkasa Tbk.,Pemantauan Khusus
WMUU,Consumer Non-Cyclicals,Widodo Makmur Unggas Tbk.,Pengembangan
WOMF,Financials,Wahana Ottomitra Multiartha Tb,Pengembangan
WOOD,Consumer Cyclicals,Integra Indocabinet Tbk.,Utama
WOWS,Energy,Ginting Jaya Energi Tbk.,Pengembangan
WSBP,Basic Materials,Waskita Beton Precast Tbk.,Pemantauan Khusus
WSKT,Infrastructures,Waskita Karya (Persero) Tbk.,Pemantauan Khusus
WTON,Basic Materials,Wijaya Karya Beton Tbk.,Utama
YELO,Consumer Cyclicals,Yelooo Integra Datanet Tbk.,Pengembangan
YOII,Financials,Asuransi Digital Bersama Tbk.,Pengembangan
YPAS,Basic Materials,Yanaprima Hastapersada Tbk,Pengembangan
YULE,Financials,Yulie Sekuritas Indonesia Tbk.,Pengembangan
YUPI,Consumer Non-Cyclicals,Yupi Indo Jelly Gum Tbk.,Utama
ZATA,Consumer Cyclicals,Bersama Zatta Jaya Tbk.,Pengembangan
ZBRA,Industrials,Dosni Roha Indonesia Tbk.,Pemantauan Khusus
ZINC,Basic Materials,Kapuas Prima Coal Tbk.,Pemantauan Khusus
ZONE,Consumer Cyclicals,Mega Perintis Tbk.,Pengembangan
ZYRX,Technology,Zyrexindo Mandiri Buana Tbk.,Pengembangan
